EmployeeID,Department,Age,Salary,ExperienceYears,Gender
1,Engineering,40,210100,18,Male
2,HR,31,96000,7,Female
3,Marketing,27,86400,6,Female
4,Sales,37,162100,15,Male
5,Engineering,42,200500,18,Female
6,Engineering,29,92500,5,Male
7,Engineering,39,186700,19,Male
8,Marketing,44,214200,20,Male
9,Sales,32,123900,10,Female
10,Marketing,27,90300,4,Male
11,Engineering,37,157400,15,Male
12,HR,27,70300,6,Female
13,Marketing,28,69200,4,Female
14,Engineering,34,144800,10,Female
15,Engineering,38,154800,14,Male
16,Engineering,26,58400,2,Female
17,Engineering,24,90700,4,Male
18,Sales,40,201900,20,Male
19,Sales,27,82400,4,Female
20,Engineering,32,116100,8,Female
21,Sales,35,160900,14,Female
22,Engineering,25,84700,2,Female
23,Engineering,29,82800,5,Female
24,Engineering,36,194800,16,Male
25,Sales,41,188000,20,Male
26,Marketing,30,102100,7,Female
27,Engineering,41,229200,20,Male
28,Sales,34,119800,10,Female
29,Sales,27,91400,5,Female
30,Engineering,28,106100,7,Male
31,Sales,30,122900,9,Female
32,Engineering,22,48400,2,Female
33,Engineering,37,160600,13,Female
34,HR,34,148000,13,Male
35,HR,33,125400,9,Male
36,Marketing,31,137300,11,Male
37,Engineering,29,93400,5,Female
38,Engineering,31,145700,11,Female
39,Sales,33,134500,13,Male
40,Sales,24,69400,1,Female
41,Engineering,32,125900,8,Male
42,Sales,31,98400,9,Female
43,Engineering,39,185500,16,Male
44,HR,36,171200,16,Male
45,Engineering,24,63300,2,Male
46,Sales,39,190000,18,Female
47,Engineering,22,46300,0,Male
48,Sales,34,119000,11,Male
49,Sales,28,86900,6,Male
50,Engineering,27,80700,3,Male
51,HR,31,121300,9,Female
52,Marketing,35,136700,12,Female
53,HR,25,57400,1,Male
54,Marketing,33,118500,9,Male
55,Sales,41,194600,20,Male
56,HR,25,70400,3,Female
57,Engineering,41,197700,17,Female
58,Engineering,27,104400,4,Female
59,Engineering,39,203100,18,Female
60,Engineering,25,50700,1,Female
61,Engineering,33,137500,11,Female
62,Engineering,37,164500,16,Male
63,Marketing,31,117100,9,Female
64,Engineering,23,79500,1,Female
65,Engineering,27,71100,5,Male
66,Sales,28,118000,7,Female
67,Engineering,42,204000,18,Female
68,Marketing,30,109200,10,Female
69,Engineering,35,145600,11,Male
70,HR,29,93600,8,Female
71,Marketing,22,52400,1,Male
72,Engineering,27,111600,7,Female
73,Engineering,30,138300,10,Female
74,Marketing,43,190800,20,Female
75,Marketing,24,56300,3,Male
76,Marketing,32,117000,9,Female
77,Marketing,40,195000,20,Male
78,Engineering,42,208500,19,Female
79,Engineering,38,179500,15,Female
80,Engineering,28,108800,7,Male
81,Marketing,25,75600,3,Male
82,Sales,32,115100,9,Female
83,Engineering,34,140800,11,Male
84,Engineering,33,152700,13,Female
85,Engineering,35,185400,15,Male
86,Engineering,37,183900,17,Male
87,Marketing,44,212500,20,Female
88,Sales,43,206600,20,Female
89,Marketing,31,154800,11,Female
90,Sales,38,174400,17,Female
91,Engineering,30,115800,6,Male
92,Marketing,41,197100,19,Female
93,Marketing,29,82900,6,Male
94,Sales,31,114200,8,Male
95,Marketing,22,44700,0,Male
96,Sales,27,81700,5,Male
97,Sales,27,89300,5,Male
98,Sales,35,144600,11,Male
99,Engineering,34,148100,11,Female
100,Engineering,29,122800,9,Male
101,Engineering,26,90200,5,Male
102,Sales,37,172100,16,Female
103,Engineering,39,210100,18,Male
104,Sales,38,173500,17,Male
105,HR,25,83900,5,Male
106,Engineering,38,183400,18,Male
107,Sales,33,122900,9,Male
108,Marketing,30,103500,7,Male
109,Engineering,40,235300,20,Female
110,Engineering,29,104300,5,Male
111,Engineering,42,211000,20,Male
112,Engineering,29,87700,6,Female
113,HR,22,45100,0,Male
114,Marketing,39,172700,17,Male
115,Sales,43,200300,19,Female
116,Marketing,31,120800,11,Female
117,Marketing,35,158300,15,Female
118,Engineering,31,110000,9,Male
119,Marketing,29,101500,9,Female
120,Sales,34,137100,13,Male
121,Marketing,39,200700,19,Male
122,Marketing,32,103700,9,Male
123,Engineering,31,140800,9,Female
124,Engineering,33,126800,10,Male
125,Engineering,25,84000,1,Female
126,Sales,42,177500,19,Female
127,Marketing,28,100200,7,Male
128,Marketing,27,88400,6,Female
129,Engineering,30,98900,7,Male
130,Sales,24,39500,0,Male
131,Sales,40,202400,20,Male
132,Engineering,22,65500,1,Female
133,Engineering,40,181600,17,Male
134,Engineering,37,171300,14,Female
135,HR,23,41200,0,Female
136,Engineering,24,94800,4,Female
137,Sales,23,44400,1,Male
138,Marketing,43,187900,19,Male
139,Engineering,24,85400,2,Male
140,HR,42,174900,18,Female
141,HR,41,162100,17,Female
142,Engineering,40,184700,17,Female
143,Sales,34,131200,13,Female
144,Engineering,30,127700,7,Male
145,Engineering,31,140200,11,Female
146,Engineering,44,212300,20,Male
147,Sales,30,124400,9,Male
148,Sales,43,189700,19,Female
149,Engineering,40,180800,16,Female
150,Engineering,33,127500,10,Male
151,HR,22,30400,1,Male
152,Engineering,24,79500,3,Male
153,Engineering,24,65300,0,Female
154,Sales,35,157800,14,Male
155,HR,33,145200,12,Female
156,Engineering,30,100000,7,Male
157,Sales,25,61500,3,Male
158,Marketing,29,99100,9,Male
159,Engineering,40,202700,18,Male
160,Marketing,38,172800,17,Female
161,Engineering,28,83400,4,Female
162,Sales,38,195700,18,Male
163,Sales,35,160300,15,Male
164,Sales,24,55800,0,Female
165,Engineering,31,145400,11,Male
166,Marketing,25,44300,1,Male
167,Engineering,40,199500,20,Male
168,Engineering,29,117600,7,Female
169,Engineering,37,193800,17,Male
170,Sales,38,168300,15,Male
171,Sales,28,80600,4,Female
172,Engineering,32,145700,12,Female
173,Sales,42,187500,18,Male
174,Engineering,25,66400,2,Male
175,Sales,27,113500,7,Male
176,Engineering,31,140200,11,Male
177,Sales,24,46800,1,Male
178,Engineering,33,148200,10,Female
179,HR,34,140100,11,Female
180,Engineering,41,193400,17,Female
181,Engineering,35,149700,12,Male
182,Engineering,28,83200,4,Female
183,HR,33,127600,11,Male
184,Marketing,22,39300,1,Male
185,Engineering,24,91800,4,Female
186,Sales,27,109500,6,Female
187,Marketing,33,133600,11,Male
188,Sales,38,154000,15,Male
189,Sales,30,105600,7,Male
190,Engineering,30,120900,8,Female
191,Engineering,37,171500,14,Female
192,Marketing,25,63800,4,Male
193,HR,36,136000,12,Male
194,Sales,24,85800,4,Male
195,Engineering,32,124300,10,Male
196,Engineering,29,122500,9,Female
197,Marketing,43,189100,19,Female
198,Marketing,34,146000,12,Male
199,Marketing,32,115500,8,Male
200,Marketing,43,180800,20,Male
201,Sales,36,159000,13,Male
202,Engineering,40,202800,17,Male
203,Engineering,38,178100,14,Male
204,Marketing,33,106700,9,Male
205,Sales,30,90700,6,Male
206,Engineering,27,95300,7,Female
207,Engineering,26,50100,2,Male
208,Sales,37,153400,14,Female
209,Engineering,36,175800,15,Female
210,Engineering,27,80800,3,Female
211,Sales,41,213200,20,Male
212,Sales,28,115600,5,Female
213,Sales,24,41000,0,Male
214,Engineering,23,68400,3,Female
215,Marketing,30,125500,10,Female
216,Engineering,32,145200,11,Male
217,Engineering,24,81300,4,Male
218,Marketing,40,209100,20,Female
219,Sales,35,156900,15,Female
220,Marketing,35,134700,12,Female
221,Sales,32,140300,12,Female
222,Sales,38,163500,16,Female
223,Engineering,30,85900,6,Female
224,Engineering,27,113200,7,Male
225,Engineering,32,164700,12,Male
226,Engineering,35,184600,15,Female
227,HR,25,74300,3,Male
228,Engineering,27,103000,7,Female
229,Marketing,35,162100,15,Male
230,Sales,44,190800,20,Female
231,Marketing,31,113700,9,Male
232,Sales,33,146900,11,Male
233,Sales,31,147200,11,Male
234,Sales,26,97300,4,Male
235,Engineering,36,184900,15,Female
236,Marketing,22,44800,0,Male
237,Engineering,30,127700,8,Female
238,Engineering,33,149800,11,Male
239,Sales,27,68900,4,Male
240,Engineering,42,191800,19,Male
241,HR,25,64800,2,Male
242,HR,26,92900,4,Male
243,HR,22,57200,1,Male
244,Engineering,35,140100,13,Female
245,Engineering,22,57800,1,Female
246,HR,33,134000,12,Female
247,Sales,29,74400,6,Female
248,HR,33,98200,9,Male
249,HR,33,135600,12,Male
250,Marketing,38,162600,15,Male
251,Engineering,34,149100,13,Male
252,Engineering,31,120800,10,Female
253,Marketing,31,123900,9,Female
254,Engineering,25,91200,5,Female
255,Engineering,27,76600,3,Female
256,Sales,43,199500,20,Male
257,HR,22,32300,0,Male
258,Sales,30,106000,6,Male
259,Sales,29,100200,8,Female
260,Engineering,27,112800,7,Female
261,Sales,28,77100,4,Female
262,HR,41,164500,18,Male
263,Engineering,30,129400,9,Male
264,Sales,30,109600,10,Male
265,Marketing,38,158400,14,Female
266,Marketing,26,68100,5,Male
267,Sales,35,162200,14,Male
268,Marketing,27,67700,4,Male
269,Engineering,38,192300,18,Female
270,Engineering,40,201100,18,Male
271,Marketing,30,97300,9,Female
272,Marketing,35,127300,11,Male
273,Marketing,26,71800,3,Male
274,HR,40,186400,17,Male
275,Sales,36,160400,15,Female
276,Sales,28,97800,7,Female
277,Marketing,24,49100,3,Male
278,Sales,33,125500,11,Male
279,Marketing,22,32400,1,Female
280,Marketing,23,68400,3,Female
281,Marketing,28,80400,4,Male
282,Engineering,23,66500,2,Male
283,Engineering,30,108400,8,Female
284,Engineering,44,218100,20,Female
285,Sales,40,172300,17,Female
286,Engineering,31,141700,10,Female
287,Sales,26,80400,2,Male
288,Sales,24,44200,1,Female
289,Engineering,30,111600,8,Male
290,Sales,33,134400,13,Female
291,Engineering,24,80500,3,Female
292,Engineering,28,119800,8,Male
293,Marketing,34,133300,12,Female
294,Engineering,41,191200,17,Female
295,Engineering,38,156600,14,Female
296,Sales,31,100400,9,Male
297,Marketing,37,152400,15,Male
298,Engineering,32,123800,11,Female
299,Sales,42,188200,19,Female
300,Engineering,24,90100,4,Male
301,Engineering,22,63600,1,Male
302,Sales,33,99300,9,Male
303,Sales,24,55500,0,Male
304,Sales,27,91100,6,Female
305,Marketing,38,155000,16,Female
306,HR,35,156400,15,Female
307,Sales,23,55200,2,Female
308,Engineering,37,150300,13,Male
309,Marketing,33,120100,9,Female
310,Engineering,26,91900,6,Female
311,Sales,40,174800,16,Female
312,Engineering,29,81600,5,Male
313,Engineering,26,78600,3,Male
314,HR,38,170700,16,Male
315,Marketing,32,106700,8,Female
316,Sales,26,69800,3,Male
317,Sales,27,90600,6,Female
318,Engineering,25,52400,1,Female
319,Engineering,37,172500,16,Male
320,Engineering,31,114000,7,Female
321,Sales,34,144400,14,Female
322,Marketing,37,137100,14,Female
323,Sales,30,115300,7,Male
324,Engineering,35,172400,15,Male
325,HR,40,190400,18,Male
326,Marketing,33,128700,10,Male
327,Sales,22,53500,1,Female
328,Sales,39,169200,16,Female
329,Sales,37,161400,15,Female
330,Engineering,35,183100,14,Male
331,Engineering,33,145400,12,Male
332,Marketing,34,153800,14,Female
333,Engineering,27,85800,3,Female
334,Engineering,35,177500,15,Male
335,Engineering,35,153800,11,Male
336,Engineering,23,75100,3,Female
337,Marketing,26,62700,2,Male
338,Marketing,39,150100,16,Male
339,Sales,38,194500,17,Male
340,Engineering,41,202200,17,Male
341,Sales,39,170000,16,Male
342,Sales,33,137400,11,Male
343,Engineering,40,223900,20,Male
344,Sales,25,58600,3,Female
345,Engineering,34,141600,11,Female
346,Sales,42,191900,20,Male
347,Sales,41,208400,19,Female
348,Engineering,37,175200,14,Male
349,Engineering,36,172200,15,Male
350,Sales,28,73000,4,Male
351,Sales,40,203500,20,Female
352,Marketing,38,143000,14,Male
353,Sales,36,171300,16,Male
354,Engineering,41,180600,17,Female
355,Engineering,26,96000,4,Male
356,Sales,33,152400,12,Female
357,Engineering,40,208500,18,Female
358,Sales,33,129100,12,Female
359,HR,40,173900,17,Male
360,Sales,33,154800,13,Male
361,Engineering,23,86700,3,Female
362,Sales,26,50600,3,Female
363,Sales,43,204400,19,Female
364,Sales,42,184600,19,Male
365,HR,41,182500,18,Male
366,Engineering,33,163600,12,Male
367,HR,34,139200,11,Male
368,HR,26,101300,6,Male
369,Engineering,33,132300,11,Male
370,Engineering,41,206800,20,Female
371,Engineering,24,73400,3,Male
372,Engineering,25,61500,1,Male
373,Engineering,23,65200,1,Male
374,Sales,25,89800,4,Male
375,Engineering,32,117700,9,Male
376,Engineering,30,120700,9,Male
377,Marketing,29,118200,8,Male
378,Engineering,33,139400,12,Female
379,Marketing,30,95300,6,Male
380,Engineering,25,86100,4,Female
381,Engineering,30,130900,9,Female
382,Sales,33,108900,9,Female
383,Sales,27,92100,5,Male
384,Marketing,38,177500,18,Male
385,Marketing,44,185800,20,Female
386,Marketing,31,100800,7,Female
387,Engineering,22,30000,0,Female
388,Engineering,37,177300,16,Male
389,Marketing,26,90900,6,Female
390,Marketing,34,151600,13,Female
391,HR,43,212300,20,Female
392,Sales,41,222800,20,Male
393,Engineering,37,197700,16,Male
394,Marketing,31,105900,8,Male
395,Engineering,36,194300,16,Male
396,HR,27,73800,4,Female
397,Marketing,43,198900,19,Female
398,Sales,30,95000,7,Female
399,Marketing,27,84600,5,Male
400,Marketing,34,115300,10,Female
401,Engineering,39,197300,18,Male
402,HR,27,68700,3,Female
403,Sales,37,201900,17,Female
404,Marketing,22,43900,0,Male
405,Engineering,35,150900,12,Male
406,Marketing,37,135700,13,Male
407,Engineering,22,64000,0,Male
408,Engineering,30,131600,10,Female
409,HR,37,171700,16,Male
410,Engineering,25,86000,3,Male
411,Engineering,31,155600,11,Male
412,HR,32,120400,9,Female
413,HR,27,67800,5,Male
414,Sales,24,30000,0,Male
415,Sales,27,100000,6,Female
416,Sales,40,205900,20,Male
417,Engineering,37,178900,15,Male
418,Engineering,35,176200,13,Female
419,Sales,39,190800,19,Male
420,Marketing,43,204900,19,Female
421,Marketing,29,73900,5,Female
422,Marketing,27,87700,4,Male
423,Engineering,44,222500,20,Male
424,Sales,40,165900,17,Female
425,Engineering,36,162800,14,Female
426,Sales,25,104200,5,Male
427,Sales,42,206900,18,Male
428,Marketing,23,46000,0,Male
429,Engineering,22,58500,0,Female
430,Engineering,36,153400,12,Female
431,Engineering,23,75400,2,Female
432,Marketing,31,110600,9,Male
433,Sales,44,217100,20,Male
434,Engineering,24,76800,2,Female
435,Engineering,28,109300,8,Female
436,Marketing,27,102500,7,Male
437,Engineering,22,72600,2,Male
438,Marketing,33,132900,12,Male
439,Marketing,25,99000,5,Male
440,Engineering,33,152000,12,Female
441,Engineering,39,187400,19,Female
442,HR,41,189600,19,Male
443,Engineering,35,152900,11,Male
444,Engineering,36,141700,12,Male
445,Marketing,22,57600,1,Female
446,HR,44,190000,20,Male
447,HR,35,173400,15,Male
448,Marketing,25,74300,5,Male
449,Engineering,41,195500,18,Male
450,Engineering,43,210700,20,Female
451,Marketing,35,142000,12,Male
452,Sales,37,191400,16,Male
453,Sales,31,109100,8,Female
454,HR,36,167900,16,Male
455,Engineering,23,57300,1,Male
456,Sales,41,172700,18,Female
457,Engineering,41,194300,18,Female
458,Sales,28,80400,6,Female
459,Engineering,29,108100,9,Female
460,Engineering,30,126200,9,Female
461,Engineering,42,201600,19,Male
462,Sales,30,122800,8,Male
463,Marketing,36,159400,16,Male
464,Sales,38,163700,14,Male
465,HR,22,54500,1,Male
466,Engineering,25,92400,3,Female
467,Engineering,40,197200,18,Female
468,Marketing,38,181200,16,Male
469,Engineering,27,92600,4,Male
470,HR,30,99400,6,Male
471,Engineering,38,214900,17,Female
472,HR,40,198800,20,Male
473,Engineering,26,104700,6,Female
474,Marketing,40,164400,16,Female
475,Sales,28,108400,6,Male
476,HR,25,90000,3,Female
477,Engineering,29,118300,7,Male
478,Sales,34,124900,12,Female
479,HR,25,55200,3,Male
480,Sales,29,96600,5,Male
481,Sales,27,65600,4,Female
482,Sales,32,127000,11,Female
483,Sales,25,62600,3,Male
484,Sales,31,108200,8,Male
485,Sales,23,71600,3,Male
486,HR,42,165100,18,Female
487,Engineering,36,143700,13,Male
488,Engineering,26,72000,4,Female
489,HR,39,162200,17,Male
490,Marketing,31,112200,9,Male
491,Sales,41,190900,18,Female
492,Sales,33,143100,11,Male
493,Engineering,40,196500,17,Female
494,Engineering,38,177200,16,Female
495,Sales,30,127300,10,Male
496,Engineering,22,81500,2,Female
497,Sales,37,170700,16,Male
498,Engineering,22,51900,0,Male
499,HR,36,142600,14,Male
500,HR,31,96000,8,Female
501,Sales,37,163900,14,Male
502,Sales,24,61000,2,Male
503,Engineering,39,218600,18,Male
504,Marketing,34,129200,12,Male
505,Sales,34,140600,11,Male
506,Engineering,41,210900,19,Male
507,HR,23,39100,0,Male
508,Marketing,42,195600,20,Male
509,HR,40,174000,16,Male
510,Marketing,35,141400,12,Female
511,Sales,22,47000,0,Female
512,Sales,33,121300,9,Male
513,HR,36,152400,14,Female
514,Marketing,29,71600,6,Male
515,Engineering,41,191800,17,Male
516,Engineering,36,172300,15,Female
517,Engineering,36,178500,13,Female
518,Marketing,41,182300,17,Female
519,HR,30,90000,6,Female
520,Engineering,40,187600,16,Male
521,Sales,37,170800,17,Female
522,Engineering,33,136900,11,Female
523,HR,30,92700,7,Male
524,Marketing,24,51900,1,Female
525,Marketing,29,83700,6,Male
526,Sales,27,64000,3,Female
527,Sales,39,170300,17,Male
528,Engineering,26,95300,5,Male
529,Engineering,31,120700,8,Female
530,Marketing,30,108300,8,Male
531,Marketing,35,137000,13,Female
532,HR,27,99700,7,Male
533,HR,41,173600,18,Male
534,Sales,26,58800,2,Male
535,Marketing,39,179000,17,Female
536,HR,26,69400,4,Female
537,Marketing,34,128400,13,Female
538,Engineering,23,64600,3,Female
539,Sales,28,95200,6,Male
540,Engineering,41,212800,19,Male
541,HR,35,131400,11,Male
542,Sales,25,59000,1,Female
543,Engineering,31,132200,10,Female
544,Sales,34,156400,13,Male
545,Sales,36,168400,15,Male
546,Engineering,43,200600,19,Male
547,Engineering,29,100100,5,Female
548,Sales,23,72000,3,Male
549,Sales,37,173700,14,Female
550,Marketing,23,53800,0,Male
551,Sales,26,92100,6,Male
552,Marketing,34,123800,11,Female
553,Sales,33,132600,9,Male
554,Sales,27,82500,4,Female
555,Marketing,35,126300,11,Male
556,Sales,37,161100,17,Male
557,Engineering,30,119400,9,Male
558,Engineering,25,86700,5,Female
559,Marketing,34,126500,11,Female
560,Sales,30,99200,6,Male
561,Marketing,40,183700,17,Male
562,Engineering,24,78000,1,Female
563,Engineering,30,136300,9,Male
564,Engineering,37,154000,14,Male
565,Engineering,32,153300,11,Male
566,Sales,40,190300,16,Female
567,Engineering,27,95800,3,Male
568,Sales,27,80900,6,Male
569,HR,28,102100,8,Male
570,Engineering,42,208600,18,Male
571,Sales,26,81400,6,Male
572,Marketing,25,30800,1,Female
573,Engineering,29,98100,5,Male
574,Sales,39,174200,17,Male
575,Marketing,28,63700,5,Male
576,HR,35,148300,12,Female
577,Engineering,38,200600,18,Male
578,HR,24,42800,1,Female
579,Sales,31,123400,11,Male
580,Engineering,38,168700,14,Male
581,Sales,35,154200,13,Male
582,HR,27,83300,5,Female
583,Sales,41,165800,17,Female
584,Engineering,25,91800,4,Male
585,Sales,38,187900,17,Male
586,Engineering,25,67600,2,Male
587,Engineering,22,81400,2,Male
588,Engineering,31,118500,9,Male
589,Engineering,41,211900,18,Male
590,Engineering,26,72300,2,Female
591,Engineering,33,138000,11,Male
592,Sales,35,161800,15,Male
593,Engineering,36,193000,16,Male
594,Engineering,27,105400,6,Male
595,Marketing,35,142500,12,Male
596,Sales,25,63700,1,Male
597,Sales,25,63700,3,Male
598,Engineering,29,128300,9,Female
599,Engineering,28,100800,6,Male
600,Engineering,40,193200,16,Male
601,Engineering,41,203200,19,Female
602,Engineering,28,95500,5,Male
603,Engineering,39,222000,18,Female
604,Engineering,26,99900,4,Male
605,Engineering,30,116600,9,Female
606,Sales,32,118000,8,Female
607,Engineering,33,157900,12,Female
608,Engineering,40,188000,18,Female
609,Sales,42,203900,20,Male
610,Sales,25,75500,5,Female
611,Engineering,25,55100,3,Male
612,Marketing,23,54500,2,Female
613,Sales,22,55900,2,Male
614,Engineering,25,68000,3,Female
615,Marketing,26,71900,4,Female
616,HR,31,74800,7,Female
617,Engineering,35,175400,15,Male
618,Engineering,26,71200,2,Female
619,Marketing,35,134800,11,Male
620,Marketing,31,80000,7,Male
621,Engineering,35,172400,12,Male
622,Engineering,27,96600,3,Female
623,Engineering,34,151300,13,Female
624,Sales,35,163600,13,Female
625,Sales,35,149600,12,Male
626,Engineering,29,90600,5,Female
627,Sales,38,166900,16,Male
628,Marketing,23,58700,3,Male
629,Engineering,27,139300,7,Male
630,Engineering,38,196600,16,Female
631,Marketing,23,54000,2,Male
632,Marketing,38,166800,16,Male
633,Sales,30,117500,8,Female
634,Sales,24,61000,1,Male
635,Engineering,32,141400,12,Female
636,Sales,39,200000,19,Male
637,Sales,25,47500,1,Male
638,Engineering,41,208500,19,Female
639,Engineering,32,134500,10,Male
640,Engineering,35,177200,14,Female
641,Engineering,30,132300,10,Male
642,Engineering,23,72200,2,Male
643,Engineering,25,52200,2,Female
644,Engineering,35,146200,11,Male
645,Engineering,25,79200,4,Female
646,Marketing,39,176800,19,Male
647,Sales,29,104300,6,Male
648,Sales,28,92600,6,Female
649,Marketing,35,115200,12,Male
650,Sales,29,101200,8,Male
651,Engineering,40,215100,20,Female
652,Sales,33,141300,12,Female
653,Sales,33,128000,11,Male
654,Marketing,34,102300,12,Female
655,Sales,29,111500,9,Female
656,Engineering,24,65700,0,Male
657,Engineering,30,125000,7,Male
658,Engineering,38,168900,15,Male
659,Sales,34,159800,12,Female
660,Sales,23,44800,2,Female
661,Engineering,23,62900,2,Female
662,HR,28,80900,4,Female
663,Sales,31,132300,10,Male
664,Engineering,29,102900,6,Male
665,Engineering,41,203800,20,Male
666,Engineering,33,115800,9,Male
667,Engineering,32,119700,9,Female
668,Engineering,40,196200,19,Female
669,Engineering,24,64300,1,Male
670,Engineering,24,70100,2,Male
671,Engineering,29,99400,7,Female
672,Marketing,32,116500,10,Male
673,Engineering,33,124500,12,Male
674,Sales,30,96400,6,Female
675,Sales,35,148200,12,Male
676,HR,22,38900,1,Female
677,Engineering,27,87100,5,Male
678,Engineering,30,121600,8,Female
679,HR,39,193100,19,Female
680,Marketing,22,55700,1,Male
681,Marketing,38,168200,17,Male
682,Engineering,38,168400,15,Male
683,Engineering,33,140800,11,Male
684,Sales,30,82300,6,Male
685,HR,27,85600,6,Female
686,Sales,37,162500,16,Female
687,Sales,36,145200,12,Female
688,Engineering,34,125600,10,Male
689,Marketing,29,82500,5,Female
690,Engineering,33,173600,13,Male
691,Engineering,27,99300,5,Female
692,Sales,25,86800,5,Female
693,Sales,23,39400,1,Female
694,Engineering,39,220900,19,Female
695,Engineering,37,178200,14,Male
696,Sales,38,171400,16,Male
697,Engineering,28,107200,7,Female
698,Sales,26,68900,4,Male
699,Engineering,38,200900,16,Male
700,Sales,41,204800,19,Female
701,Sales,23,37400,0,Female
702,Engineering,37,202000,17,Male
703,Engineering,35,180400,14,Male
704,Engineering,24,86800,4,Male
705,Engineering,26,99600,6,Female
706,HR,41,166100,17,Male
707,Engineering,28,102100,5,Female
708,Marketing,44,195700,20,Female
709,Engineering,27,82300,4,Male
710,Sales,38,188900,18,Male
711,Marketing,29,103800,9,Male
712,Sales,37,172300,14,Female
713,Sales,29,126700,9,Male
714,Sales,35,165800,15,Female
715,Engineering,32,134500,11,Male
716,HR,41,168000,17,Male
717,Marketing,24,31600,0,Female
718,HR,39,147700,15,Male
719,Engineering,27,98200,5,Female
720,Marketing,23,49600,2,Male
721,HR,25,41000,1,Female
722,Engineering,25,54900,1,Female
723,Engineering,33,161000,12,Female
724,Marketing,28,96400,8,Male
725,Sales,39,177700,15,Male
726,Marketing,24,69100,4,Male
727,Engineering,44,202500,20,Male
728,Marketing,29,92700,6,Female
729,Engineering,34,159900,12,Male
730,Engineering,43,198400,19,Male
731,Engineering,35,151600,12,Female
732,Marketing,27,91200,6,Female
733,Sales,32,118000,9,Female
734,Sales,35,152400,14,Male
735,Engineering,44,223800,20,Male
736,Marketing,26,77500,5,Male
737,Engineering,27,80900,4,Male
738,Marketing,23,30300,1,Male
739,Sales,40,187400,20,Female
740,Engineering,34,169200,14,Male
741,Sales,37,164200,15,Male
742,Engineering,38,207900,18,Male
743,Marketing,32,115300,8,Male
744,Sales,42,186500,18,Male
745,Engineering,29,112500,6,Male
746,Marketing,26,58400,3,Male
747,Engineering,23,69500,2,Male
748,Sales,42,195200,19,Male
749,HR,34,135800,10,Female
750,Sales,23,32200,0,Male
751,Engineering,25,95600,5,Male
752,HR,31,113000,10,Female
753,Sales,22,42000,0,Male
754,Engineering,44,211600,20,Female
755,Engineering,29,103700,6,Female
756,Marketing,25,93500,5,Male
757,Sales,36,168000,13,Female
758,Sales,23,59600,1,Female
759,Marketing,26,54200,3,Male
760,Marketing,34,118300,10,Female
761,Engineering,37,169600,14,Male
762,Engineering,38,186900,17,Male
763,Engineering,22,52200,0,Female
764,Marketing,26,55300,2,Female
765,Engineering,24,78700,2,Female
766,Sales,26,98300,6,Male
767,Marketing,22,33900,0,Male
768,Marketing,31,125900,10,Female
769,Engineering,26,112200,5,Male
770,Marketing,40,176900,19,Female
771,Engineering,26,66600,2,Male
772,Marketing,41,178900,18,Male
773,Engineering,22,63800,1,Male
774,Engineering,40,172800,17,Male
775,Marketing,34,141600,11,Female
776,Engineering,30,127500,9,Male
777,Engineering,27,90000,4,Female
778,Marketing,28,105800,8,Male
779,Marketing,22,42800,1,Male
780,Sales,23,60000,1,Female
781,Sales,29,85100,5,Male
782,Sales,32,96200,9,Female
783,Engineering,41,189900,17,Female
784,Engineering,35,140200,11,Female
785,Engineering,27,86000,3,Male
786,HR,44,227000,20,Female
787,Sales,36,176800,16,Female
788,Sales,37,178200,14,Male
789,Sales,27,78100,5,Female
790,HR,39,153800,15,Male
791,Engineering,38,180500,16,Male
792,Sales,22,65300,2,Male
793,Sales,29,110600,9,Female
794,Sales,25,60900,4,Female
795,Engineering,37,159200,13,Male
796,Marketing,41,188600,20,Male
797,HR,34,147200,12,Female
798,Sales,28,91400,5,Male
799,Sales,32,125400,11,Male
800,HR,27,100600,7,Female
801,Marketing,28,66500,4,Female
802,Engineering,36,166500,14,Male
803,Sales,35,164600,15,Male
804,Sales,23,41600,0,Female
805,Sales,39,173300,15,Female
806,Marketing,27,60800,4,Male
807,HR,25,61400,2,Male
808,HR,43,195000,19,Male
809,Sales,38,143000,14,Male
810,Engineering,35,143100,12,Female
811,HR,37,149100,15,Male
812,Marketing,34,116300,10,Female
813,Engineering,40,215500,20,Female
814,HR,22,38700,1,Female
815,Marketing,27,89700,5,Female
816,Sales,29,95600,5,Male
817,Sales,37,161300,13,Male
818,Engineering,32,107800,10,Female
819,Engineering,28,130500,7,Female
820,Engineering,30,112700,7,Male
821,Marketing,22,40500,0,Female
822,Engineering,44,214000,20,Male
823,Engineering,27,89800,6,Male
824,Engineering,25,98600,5,Male
825,Sales,42,221100,20,Female
826,HR,31,97500,7,Male
827,Engineering,41,187800,18,Male
828,Engineering,42,199700,20,Female
829,Marketing,43,189100,19,Female
830,Sales,28,93600,7,Female
831,Engineering,33,166000,13,Male
832,Sales,37,194700,17,Male
833,Engineering,39,179700,15,Male
834,Engineering,30,118100,8,Female
835,Sales,37,155700,14,Female
836,Sales,30,117700,9,Female
837,HR,39,148400,15,Female
838,Engineering,24,85000,3,Male
839,Sales,39,186200,19,Female
840,Sales,35,152200,12,Male
841,Engineering,25,83400,4,Male
842,Sales,30,101300,6,Male
843,Engineering,31,104300,8,Female
844,HR,29,104200,7,Female
845,Engineering,39,188600,15,Male
846,Sales,26,72200,5,Male
847,Engineering,38,173900,15,Male
848,HR,29,83300,5,Female
849,Sales,36,152800,13,Female
850,Sales,43,201600,20,Female
851,Engineering,23,49800,0,Female
852,Marketing,29,106500,8,Male
853,Engineering,36,154500,12,Male
854,Marketing,38,177700,18,Male
855,Engineering,36,174700,16,Male
856,Engineering,31,147100,10,Male
857,Engineering,28,112100,7,Male
858,Sales,27,54300,4,Female
859,Sales,33,129200,9,Male
860,Engineering,30,97000,6,Male
861,Marketing,31,112700,9,Female
862,Sales,25,72700,3,Male
863,Sales,28,94200,8,Female
864,Sales,35,146100,13,Female
865,Sales,23,66200,1,Male
866,Sales,28,119900,8,Female
867,Engineering,40,212100,20,Male
868,Engineering,22,62200,0,Male
869,Marketing,33,120500,9,Male
870,HR,31,120000,9,Female
871,Engineering,42,195500,19,Male
872,Engineering,25,87400,2,Male
873,Sales,28,80400,5,Female
874,Sales,26,86100,5,Male
875,Engineering,43,211500,20,Male
876,Engineering,25,65300,1,Female
877,Marketing,38,167400,17,Male
878,Sales,22,50700,1,Female
879,Engineering,34,144800,11,Female
880,Engineering,26,99200,4,Female
881,Engineering,39,218000,19,Female
882,Sales,28,104500,6,Female
883,Engineering,37,183700,15,Female
884,Engineering,40,225500,19,Female
885,Marketing,22,37100,0,Female
886,Engineering,22,53400,0,Female
887,Sales,40,171000,16,Female
888,Engineering,24,54400,0,Male
889,Engineering,40,200600,20,Female
890,Engineering,40,209600,19,Male
891,Marketing,35,141000,12,Male
892,Marketing,29,101400,8,Male
893,Marketing,38,134400,14,Female
894,Engineering,23,71200,2,Male
895,Sales,37,136100,13,Female
896,Engineering,31,139300,10,Female
897,Engineering,34,144200,11,Male
898,Marketing,32,138200,12,Female
899,Engineering,35,140400,12,Female
900,Engineering,24,67600,0,Female
901,Engineering,31,128700,9,Male
902,Engineering,25,61900,2,Male
903,Engineering,24,84800,3,Female
904,Sales,35,166000,15,Male
905,Sales,28,119400,7,Male
906,Marketing,36,154500,15,Male
907,Marketing,39,155500,16,Female
908,Engineering,38,201900,18,Male
909,Engineering,36,177100,14,Female
910,Engineering,36,198200,15,Female
911,Sales,34,191200,14,Female
912,Engineering,23,47500,1,Male
913,Sales,31,123600,10,Male
914,Sales,22,32600,0,Male
915,Sales,37,154500,14,Male
916,Sales,39,213800,18,Male
917,Engineering,24,70800,3,Male
918,HR,30,119800,10,Female
919,Marketing,25,66200,4,Female
920,Engineering,24,61000,2,Female
921,Marketing,33,153900,12,Male
922,Sales,33,101600,9,Female
923,Marketing,32,119200,10,Male
924,Marketing,37,176900,17,Female
925,Sales,23,52700,1,Male
926,Engineering,30,99800,6,Female
927,Engineering,32,135100,8,Female
928,Sales,30,95900,9,Male
929,Sales,38,185400,17,Female
930,Engineering,29,107800,6,Female
931,Engineering,28,105900,6,Male
932,Marketing,25,47700,2,Female
933,HR,35,140100,11,Female
934,Sales,27,104500,6,Female
935,Engineering,37,174300,16,Female
936,Engineering,22,43000,0,Female
937,Engineering,24,73100,4,Female
938,HR,39,162300,15,Female
939,Engineering,35,167500,14,Male
940,Sales,25,49400,1,Male
941,Engineering,29,139800,8,Female
942,Sales,28,88400,6,Female
943,Sales,27,70900,3,Male
944,Marketing,42,190100,19,Male
945,Engineering,37,210600,17,Male
946,Engineering,43,195100,20,Female
947,Engineering,27,75900,3,Female
948,HR,33,142100,12,Male
949,Marketing,24,37800,0,Male
950,Sales,22,48000,2,Female
951,Sales,39,166800,15,Male
952,Sales,24,52800,3,Female
953,Engineering,38,181700,15,Male
954,HR,40,179900,18,Female
955,Sales,23,39200,0,Male
956,Engineering,25,97500,4,Female
957,Sales,39,179000,18,Female
958,Engineering,30,119600,10,Female
959,Engineering,36,141900,12,Female
960,Marketing,43,212500,19,Male
961,Engineering,27,77000,4,Male
962,Sales,42,208700,20,Male
963,Engineering,25,87400,3,Female
964,Engineering,23,69600,3,Male
965,Engineering,24,69600,3,Female
966,Engineering,23,80800,3,Female
967,Marketing,43,194300,19,Female
968,Engineering,41,228500,20,Female
969,Sales,37,173300,17,Female
970,Sales,40,177200,17,Female
971,Sales,39,193400,15,Female
972,HR,30,86100,8,Female
973,Marketing,37,156000,17,Male
974,Engineering,25,49200,1,Female
975,Engineering,44,226000,20,Male
976,Engineering,25,74600,3,Male
977,Sales,33,128600,11,Female
978,Engineering,28,93300,6,Female
979,Sales,34,166200,14,Male
980,Sales,28,79300,6,Male
981,Engineering,43,209200,20,Female
982,Marketing,40,158700,16,Female
983,Engineering,37,148300,15,Male
984,Engineering,42,194200,18,Female
985,Marketing,29,103400,8,Male
986,Sales,34,141200,13,Female
987,Sales,38,170300,16,Female
988,Sales,28,74600,4,Female
989,Engineering,22,61700,1,Female
990,Marketing,41,181500,19,Male
991,Marketing,39,148900,15,Female
992,Sales,35,149500,13,Male
993,Engineering,37,144200,13,Male
994,Sales,22,42900,0,Female
995,Engineering,24,87400,2,Male
996,Engineering,27,102600,6,Male
997,HR,36,133700,14,Male
998,Engineering,38,200800,18,Female
999,HR,40,200200,19,Female
1000,Sales,22,45000,1,Male
1001,Engineering,41,196000,18,Female
1002,Sales,29,100200,8,Male
1003,Marketing,42,179400,18,Female
1004,Marketing,26,65300,4,Female
1005,Marketing,37,180400,17,Male
1006,Sales,39,181600,15,Male
1007,Sales,27,69600,3,Female
1008,Marketing,35,112600,11,Male
1009,Engineering,30,128300,6,Male
1010,Sales,33,154800,13,Male
1011,Engineering,34,150900,11,Female
1012,HR,23,55400,2,Male
1013,HR,28,74300,4,Female
1014,Engineering,37,179600,16,Male
1015,Marketing,30,121000,9,Male
1016,HR,33,107200,9,Male
1017,Engineering,33,139900,10,Female
1018,Sales,37,182700,16,Female
1019,HR,26,84500,4,Male
1020,Engineering,33,161300,12,Male
1021,Sales,33,106800,9,Male
1022,Engineering,28,134700,8,Male
1023,HR,37,174600,16,Male
1024,HR,23,43100,0,Female
1025,HR,25,68200,3,Female
1026,Sales,25,67400,3,Male
1027,Marketing,37,171300,17,Female
1028,Marketing,28,100300,8,Female
1029,Engineering,38,203900,17,Male
1030,Marketing,37,144800,13,Male
1031,Engineering,37,169800,14,Female
1032,Sales,27,85600,5,Female
1033,Engineering,29,120300,9,Male
1034,Engineering,37,145500,14,Female
1035,Engineering,27,86700,3,Male
1036,Sales,39,187600,17,Female
1037,Engineering,39,190900,17,Male
1038,Marketing,40,157100,16,Female
1039,Engineering,33,161200,11,Male
1040,Engineering,30,99600,6,Male
1041,Sales,37,167500,15,Male
1042,Marketing,31,113000,10,Male
1043,Engineering,37,145500,13,Female
1044,Sales,25,66900,2,Male
1045,Marketing,39,169000,18,Male
1046,Sales,40,183300,17,Female
1047,Engineering,31,129300,9,Female
1048,Engineering,28,83800,5,Male
1049,Marketing,33,123000,12,Male
1050,Engineering,33,119300,9,Female
1051,Marketing,37,169700,17,Male
1052,Sales,42,181700,19,Female
1053,HR,35,148700,15,Male
1054,Marketing,28,80800,5,Female
1055,HR,35,155900,12,Male
1056,Engineering,27,89100,3,Female
1057,Marketing,35,145600,13,Male
1058,Sales,22,56300,0,Male
1059,Sales,40,208600,19,Male
1060,Sales,25,74000,4,Female
1061,Marketing,29,98600,7,Female
1062,HR,31,137800,11,Male
1063,Marketing,22,59100,1,Male
1064,Sales,31,144200,11,Female
1065,Sales,26,66700,4,Female
1066,Marketing,26,83800,4,Female
1067,Engineering,36,169600,12,Female
1068,Engineering,29,133900,8,Male
1069,Engineering,33,116100,9,Male
1070,Engineering,22,41600,0,Male
1071,Engineering,24,75700,2,Female
1072,Engineering,39,205700,17,Male
1073,Engineering,34,145300,11,Male
1074,Engineering,25,68700,2,Male
1075,HR,30,103100,8,Male
1076,Sales,23,63200,1,Male
1077,Engineering,22,67800,2,Male
1078,Sales,33,153800,13,Female
1079,Engineering,27,77700,3,Male
1080,HR,41,175100,18,Male
1081,Marketing,35,126300,12,Female
1082,Engineering,28,108300,6,Female
1083,Sales,33,105900,11,Female
1084,Marketing,26,60800,2,Male
1085,HR,31,102300,8,Female
1086,Sales,22,62500,1,Male
1087,Sales,29,115000,8,Male
1088,Engineering,35,143400,11,Female
1089,HR,32,117300,11,Female
1090,Engineering,34,156900,14,Female
1091,HR,22,41600,1,Female
1092,Sales,38,189700,17,Female
1093,Sales,36,158700,12,Female
1094,Sales,34,152300,13,Female
1095,Engineering,28,81100,4,Male
1096,Engineering,33,122100,9,Male
1097,Engineering,33,138600,11,Male
1098,Engineering,32,137400,9,Male
1099,Marketing,33,115400,10,Female
1100,Engineering,22,62600,1,Female
1101,Engineering,26,100400,4,Male
1102,HR,29,82300,6,Male
1103,Marketing,29,85600,5,Male
1104,HR,26,65000,2,Female
1105,HR,33,136600,12,Male
1106,Engineering,23,90500,2,Female
1107,Engineering,44,231700,20,Female
1108,Marketing,29,82600,5,Male
1109,Sales,31,117000,10,Male
1110,Engineering,39,175400,16,Male
1111,Marketing,29,114100,9,Female
1112,Engineering,32,132100,11,Female
1113,Engineering,39,185700,16,Female
1114,Sales,26,85900,3,Female
1115,Sales,24,53600,1,Male
1116,Sales,32,124800,10,Male
1117,Engineering,28,111500,6,Female
1118,Marketing,24,53200,1,Female
1119,Engineering,41,179500,17,Female
1120,Engineering,42,210400,20,Female
1121,Marketing,24,82900,3,Male
1122,HR,29,99300,7,Male
1123,Marketing,43,181900,19,Female
1124,Marketing,33,142100,13,Female
1125,Sales,33,115200,11,Male
1126,Sales,43,186400,20,Male
1127,Engineering,40,200800,17,Male
1128,Sales,33,125000,10,Male
1129,Engineering,27,116200,7,Male
1130,Engineering,25,74600,1,Female
1131,Marketing,35,155400,14,Female
1132,Sales,32,116300,8,Female
1133,Engineering,38,201600,18,Female
1134,Engineering,42,219900,19,Male
1135,Sales,31,118700,7,Female
1136,Engineering,39,201000,18,Male
1137,Marketing,27,73600,4,Female
1138,Sales,31,128200,10,Female
1139,Sales,36,155900,14,Male
1140,Sales,28,97000,7,Male
1141,Marketing,41,194500,18,Male
1142,Engineering,29,107000,7,Male
1143,Sales,41,184400,18,Male
1144,Sales,40,190000,17,Female
1145,Engineering,31,136800,9,Female
1146,Marketing,27,111300,6,Male
1147,Marketing,28,116200,8,Male
1148,Sales,22,53300,0,Female
1149,Marketing,38,193700,18,Male
1150,Marketing,24,70500,4,Male
1151,Marketing,42,189600,18,Female
1152,Marketing,22,46100,0,Male
1153,Sales,36,151600,14,Male
1154,Sales,35,164500,15,Male
1155,Sales,29,102500,6,Male
1156,Marketing,31,127800,11,Male
1157,Engineering,28,117100,7,Male
1158,Marketing,26,81000,4,Male
1159,Marketing,31,120500,9,Female
1160,Engineering,44,232300,20,Female
1161,Marketing,27,66200,4,Female
1162,Engineering,38,199400,16,Male
1163,Engineering,25,91700,4,Male
1164,Marketing,34,160300,14,Male
1165,Engineering,34,158000,12,Female
1166,Marketing,22,46500,0,Male
1167,Marketing,30,113600,10,Female
1168,Sales,24,53000,0,Male
1169,Engineering,32,120600,10,Female
1170,Engineering,39,212000,17,Female
1171,Sales,38,184800,17,Male
1172,HR,43,211600,20,Female
1173,Sales,39,171800,15,Male
1174,Engineering,35,151400,12,Female
1175,Sales,28,87600,6,Male
1176,Sales,23,37700,0,Male
1177,Marketing,35,167800,15,Male
1178,Engineering,24,62300,0,Female
1179,Marketing,39,173600,16,Female
1180,Sales,25,83800,5,Male
1181,HR,22,52100,1,Female
1182,Engineering,39,178800,16,Male
1183,Sales,29,78200,5,Male
1184,HR,33,141200,13,Female
1185,Engineering,40,188700,17,Male
1186,HR,26,94600,5,Female
1187,Sales,32,103300,9,Male
1188,Engineering,37,190700,17,Male
1189,Engineering,31,125300,8,Male
1190,Marketing,31,115900,7,Female
1191,Engineering,31,120900,9,Female
1192,Sales,36,161800,16,Male
1193,Engineering,25,102200,5,Female
1194,Sales,33,150600,13,Female
1195,Engineering,25,92800,5,Male
1196,Marketing,29,92400,6,Male
1197,HR,35,136600,11,Male
1198,HR,23,63400,2,Male
1199,Marketing,37,147000,13,Female
1200,Engineering,38,212200,18,Male
1201,Marketing,38,162000,15,Male
1202,Engineering,29,103400,6,Male
1203,Engineering,27,118100,7,Male
1204,Engineering,40,178400,17,Female
1205,Sales,32,147200,12,Female
1206,Marketing,44,197000,20,Male
1207,Sales,30,95700,8,Male
1208,Sales,32,121300,9,Male
1209,Engineering,40,210400,20,Female
1210,HR,28,87900,8,Male
1211,Sales,37,148300,14,Male
1212,Sales,40,213900,19,Male
1213,Engineering,22,57400,1,Male
1214,Marketing,35,139200,12,Male
1215,Sales,22,42200,1,Female
1216,Engineering,39,220000,18,Female
1217,Engineering,23,63700,1,Male
1218,Sales,23,54200,2,Female
1219,Sales,29,93900,5,Female
1220,Engineering,25,91500,2,Male
1221,HR,30,107900,9,Male
1222,Engineering,27,88000,5,Male
1223,Sales,35,188000,15,Female
1224,HR,39,166800,16,Female
1225,Sales,39,186600,18,Male
1226,Sales,24,39600,2,Male
1227,Engineering,38,190700,17,Female
1228,Engineering,30,89400,6,Male
1229,HR,31,98400,8,Female
1230,Sales,39,176900,19,Male
1231,Marketing,33,140400,11,Female
1232,Engineering,25,72300,4,Female
1233,Engineering,25,51600,2,Male
1234,Engineering,31,125900,10,Female
1235,Sales,26,81500,3,Male
1236,Engineering,28,82600,4,Male
1237,Marketing,22,36900,0,Female
1238,Sales,41,185800,17,Male
1239,HR,33,126500,11,Female
1240,Engineering,36,163400,12,Male
1241,Marketing,31,101600,8,Female
1242,Marketing,23,45800,1,Male
1243,Marketing,25,94600,4,Female
1244,Marketing,33,136600,12,Male
1245,Marketing,38,162300,15,Male
1246,Sales,35,162900,15,Male
1247,Engineering,22,46700,2,Male
1248,Engineering,24,87700,3,Male
1249,HR,33,136600,10,Male
1250,Sales,33,161600,13,Female
1251,Marketing,26,50400,2,Male
1252,Sales,36,163300,15,Female
1253,Engineering,38,170500,14,Female
1254,Engineering,32,130100,9,Male
1255,Sales,32,115800,8,Female
1256,Sales,30,127000,10,Female
1257,Engineering,35,171400,15,Male
1258,Sales,31,118400,9,Female
1259,Engineering,37,193000,16,Male
1260,Sales,41,218200,18,Female
1261,Engineering,22,58000,1,Male
1262,Marketing,25,50300,1,Male
1263,Engineering,28,91400,5,Female
1264,Sales,41,192100,18,Male
1265,Engineering,27,120800,7,Male
1266,Engineering,26,68900,2,Male
1267,Engineering,33,138500,13,Female
1268,Sales,35,175300,15,Male
1269,Sales,22,46300,0,Male
1270,Engineering,40,211600,20,Male
1271,Sales,23,55300,2,Female
1272,Marketing,40,179100,17,Female
1273,Marketing,28,97000,8,Male
1274,Engineering,26,89200,5,Male
1275,Sales,44,192500,20,Male
1276,Engineering,23,48200,0,Female
1277,Engineering,44,221300,20,Female
1278,HR,30,98200,9,Male
1279,Engineering,29,106500,5,Female
1280,Sales,35,121200,11,Male
1281,Sales,27,70500,3,Male
1282,Marketing,32,140800,12,Female
1283,Sales,36,181200,16,Female
1284,Engineering,27,119200,7,Female
1285,Engineering,42,206200,19,Male
1286,Sales,23,59300,2,Male
1287,Engineering,31,149000,11,Female
1288,Engineering,30,105800,6,Female
1289,Engineering,35,139500,11,Male
1290,Engineering,25,66700,1,Male
1291,Engineering,37,157300,13,Female
1292,Engineering,26,81000,4,Female
1293,Sales,31,105200,8,Female
1294,Sales,41,209900,20,Female
1295,Marketing,31,110700,10,Male
1296,Engineering,24,98100,4,Female
1297,Engineering,24,65400,2,Female
1298,Engineering,37,160400,16,Male
1299,Sales,24,58500,1,Female
1300,Marketing,24,30000,0,Female
1301,Engineering,26,92900,6,Male
1302,HR,36,168200,13,Female
1303,Engineering,25,97600,4,Female
1304,Sales,40,198800,18,Female
1305,Marketing,30,108800,10,Female
1306,Marketing,22,46100,1,Male
1307,Marketing,27,108400,7,Female
1308,Marketing,29,110400,8,Male
1309,Engineering,26,82400,2,Female
1310,Marketing,23,65800,1,Male
1311,Engineering,30,109600,6,Male
1312,Marketing,25,59700,4,Male
1313,Sales,43,211000,20,Male
1314,Marketing,28,69600,4,Male
1315,Sales,42,184100,19,Male
1316,Sales,33,149900,12,Female
1317,Sales,42,217000,20,Female
1318,Marketing,42,191100,19,Female
1319,Engineering,26,98200,5,Female
1320,Engineering,42,186300,19,Female
1321,Engineering,41,202200,17,Male
1322,Engineering,22,70900,1,Female
1323,Marketing,29,82500,5,Female
1324,Engineering,28,106500,8,Male
1325,HR,23,39600,2,Female
1326,Engineering,23,75300,0,Male
1327,Engineering,22,45000,0,Female
1328,Marketing,42,185300,18,Female
1329,Sales,28,67300,4,Female
1330,Sales,35,118100,12,Male
1331,Sales,38,193500,18,Male
1332,Marketing,33,134000,11,Female
1333,Engineering,38,158300,15,Male
1334,HR,42,195100,18,Male
1335,HR,23,50700,2,Female
1336,Sales,31,122200,11,Female
1337,Engineering,26,75500,4,Male
1338,Sales,22,61700,1,Male
1339,Engineering,26,83800,6,Male
1340,Engineering,35,138600,12,Male
1341,Engineering,37,171300,14,Male
1342,Sales,22,64000,2,Female
1343,Marketing,42,189800,20,Female
1344,Marketing,39,204900,19,Female
1345,Marketing,25,60900,4,Male
1346,Sales,28,98900,7,Female
1347,Engineering,23,51600,0,Female
1348,Engineering,27,107600,7,Female
1349,HR,40,174000,17,Male
1350,Engineering,41,204700,19,Female
1351,Marketing,36,157600,15,Male
1352,Sales,41,179200,17,Female
1353,Sales,43,207900,19,Male
1354,Marketing,31,125700,11,Female
1355,Sales,32,147900,12,Female
1356,Marketing,36,137500,12,Male
1357,HR,29,115700,9,Male
1358,Sales,27,100800,6,Male
1359,Engineering,35,147600,13,Male
1360,Sales,37,171300,15,Male
1361,HR,37,149900,14,Female
1362,Engineering,32,133400,11,Male
1363,Sales,28,116800,8,Male
1364,Sales,27,96700,7,Male
1365,Marketing,40,179800,17,Male
1366,Engineering,40,163900,17,Female
1367,Marketing,32,143300,12,Female
1368,HR,37,201900,17,Female
1369,Engineering,35,166900,14,Male
1370,Engineering,26,76400,3,Male
1371,HR,37,163400,16,Male
1372,Engineering,24,92600,4,Male
1373,Marketing,39,157000,15,Female
1374,Sales,32,115500,8,Female
1375,Engineering,29,144200,9,Male
1376,Marketing,40,184400,17,Male
1377,Sales,40,171300,16,Female
1378,Sales,40,169800,17,Female
1379,Engineering,30,98900,6,Male
1380,Sales,26,67400,3,Female
1381,Engineering,28,73800,4,Female
1382,Engineering,38,185900,15,Male
1383,HR,23,61700,2,Male
1384,Engineering,40,180500,17,Male
1385,Sales,41,187200,20,Female
1386,Engineering,34,166200,13,Male
1387,Marketing,34,135600,14,Female
1388,Engineering,37,183800,16,Female
1389,HR,22,35900,0,Male
1390,Sales,41,213000,20,Male
1391,Engineering,39,191100,16,Female
1392,Engineering,31,126800,10,Male
1393,Engineering,39,191900,16,Female
1394,Sales,36,146100,13,Male
1395,Engineering,41,207200,19,Male
1396,Marketing,39,184400,18,Female
1397,Sales,41,227500,20,Male
1398,Engineering,30,101800,6,Female
1399,Sales,36,124300,12,Male
1400,Marketing,37,168900,17,Female
1401,Engineering,36,166400,13,Male
1402,Engineering,22,52200,0,Male
1403,Engineering,30,103100,6,Female
1404,Marketing,28,91700,7,Male
1405,Sales,37,152800,17,Male
1406,Sales,30,101200,8,Male
1407,Marketing,22,39200,0,Male
1408,Marketing,37,150300,16,Female
1409,Sales,41,177200,18,Male
1410,Marketing,28,76600,5,Female
1411,Engineering,26,67700,2,Male
1412,Engineering,28,90900,4,Male
1413,Engineering,22,60200,1,Female
1414,Engineering,40,210600,19,Male
1415,Sales,27,62000,3,Female
1416,HR,33,114100,9,Male
1417,Engineering,30,141700,9,Male
1418,Engineering,42,217900,20,Female
1419,Sales,31,122600,10,Male
1420,HR,37,150600,15,Female
1421,Engineering,38,183900,16,Male
1422,Sales,36,162800,15,Female
1423,Engineering,26,108600,6,Male
1424,Engineering,39,156800,15,Female
1425,HR,25,54100,2,Female
1426,HR,36,164200,15,Male
1427,Engineering,29,112300,7,Male
1428,HR,32,124700,11,Female
1429,Sales,26,57500,2,Male
1430,Marketing,38,157000,16,Female
1431,Sales,43,208800,20,Female
1432,Sales,40,185200,17,Female
1433,Sales,33,110900,10,Male
1434,Sales,23,76600,3,Male
1435,Engineering,37,168500,15,Male
1436,Engineering,38,179200,16,Male
1437,Engineering,28,137500,8,Male
1438,Marketing,27,96000,5,Female
1439,Engineering,39,192500,19,Male
1440,Sales,22,40200,1,Female
1441,HR,32,93500,8,Female
1442,Engineering,43,230900,20,Female
1443,Sales,25,78900,5,Male
1444,Sales,22,46300,2,Female
1445,Marketing,39,204300,19,Male
1446,Engineering,26,100900,5,Male
1447,Sales,26,115500,6,Female
1448,Marketing,24,45900,0,Female
1449,HR,24,39700,0,Male
1450,Sales,27,79500,4,Male
1451,Sales,26,80500,5,Male
1452,Sales,36,154100,12,Female
1453,Marketing,23,61600,1,Female
1454,Sales,36,141200,14,Male
1455,Engineering,36,176400,14,Male
1456,HR,32,125300,12,Female
1457,Sales,33,173100,13,Male
1458,Sales,28,108200,6,Female
1459,Engineering,36,147600,13,Male
1460,Sales,32,119400,9,Male
1461,Engineering,36,192900,16,Male
1462,Sales,35,142800,13,Female
1463,Engineering,30,97300,7,Male
1464,Sales,23,70000,3,Male
1465,HR,37,158400,15,Male
1466,Engineering,33,141900,12,Female
1467,HR,41,204400,19,Female
1468,Sales,39,168100,17,Female
1469,Marketing,37,142900,13,Male
1470,Marketing,41,177800,17,Female
1471,Sales,25,80100,4,Male
1472,Marketing,29,115300,8,Male
1473,Marketing,24,53600,2,Female
1474,Sales,30,75000,7,Male
1475,Engineering,40,203100,19,Male
1476,Sales,31,124300,9,Male
1477,Marketing,38,182600,18,Female
1478,Marketing,44,198600,20,Male
1479,Marketing,25,61300,2,Male
1480,Sales,32,131600,10,Female
1481,Marketing,30,102100,10,Female
1482,Engineering,40,182800,16,Female
1483,Sales,35,163000,15,Male
1484,Engineering,28,103800,6,Male
1485,Engineering,24,59300,3,Male
1486,Engineering,42,212200,18,Female
1487,Engineering,31,143100,11,Female
1488,Sales,35,161200,14,Female
1489,Engineering,33,152700,10,Male
1490,Sales,26,81300,4,Male
1491,Engineering,26,71600,4,Male
1492,Engineering,38,166100,14,Male
1493,Engineering,37,197700,17,Male
1494,Engineering,33,135600,10,Female
1495,Sales,35,150100,11,Female
1496,Sales,25,44400,1,Male
1497,Sales,39,209500,19,Female
1498,Sales,37,165400,14,Male
1499,Engineering,39,207900,19,Female
1500,Marketing,25,67300,3,Female
1501,Sales,38,171200,17,Male
1502,Sales,27,81900,5,Female
1503,Engineering,40,204800,18,Female
1504,Engineering,34,133500,10,Male
1505,Engineering,23,63600,1,Male
1506,Engineering,30,120900,7,Male
1507,Sales,32,105900,10,Male
1508,Sales,27,80700,4,Male
1509,Sales,37,198800,17,Female
1510,Marketing,41,172200,17,Male
1511,Marketing,36,131600,13,Female
1512,Marketing,31,108100,9,Female
1513,HR,26,40800,2,Female
1514,Engineering,32,121300,8,Female
1515,Engineering,25,70300,2,Female
1516,Engineering,33,138200,10,Female
1517,Sales,32,131700,11,Male
1518,Marketing,32,130000,11,Male
1519,Engineering,26,75500,2,Female
1520,HR,41,188000,20,Female
1521,Engineering,28,106500,6,Female
1522,HR,33,158500,13,Female
1523,Engineering,34,125400,10,Female
1524,Engineering,26,106100,6,Male
1525,Sales,41,217900,20,Female
1526,Engineering,32,115400,9,Female
1527,Engineering,34,143000,10,Male
1528,Engineering,35,164800,14,Male
1529,Marketing,40,194100,18,Male
1530,Sales,39,156800,15,Female
1531,Engineering,44,214900,20,Male
1532,Sales,42,181800,19,Female
1533,Marketing,35,132400,11,Male
1534,Engineering,40,195500,17,Male
1535,Sales,33,146400,12,Female
1536,Engineering,26,91900,4,Male
1537,Engineering,25,78100,3,Male
1538,Sales,37,134200,13,Male
1539,Engineering,31,120900,7,Female
1540,Sales,29,108600,8,Male
1541,Marketing,41,187900,18,Male
1542,Engineering,24,69100,2,Female
1543,Sales,27,96600,4,Male
1544,Engineering,41,209300,20,Male
1545,HR,39,169900,17,Male
1546,Sales,22,30000,0,Male
1547,Marketing,27,97100,7,Male
1548,Sales,39,207600,18,Female
1549,Engineering,37,184300,16,Female
1550,Sales,36,175300,16,Male
1551,HR,33,129700,10,Female
1552,Sales,22,54600,1,Male
1553,Marketing,26,92000,5,Female
1554,Marketing,36,157500,13,Male
1555,Engineering,24,65100,2,Male
1556,Engineering,31,128700,11,Male
1557,Sales,26,75900,3,Male
1558,Sales,34,136200,11,Female
1559,Marketing,35,125500,12,Female
1560,HR,22,41200,1,Male
1561,Engineering,23,56200,1,Female
1562,Engineering,37,168500,14,Male
1563,Marketing,36,178000,16,Female
1564,Engineering,27,113500,6,Male
1565,Marketing,33,151900,13,Male
1566,Sales,31,130100,11,Male
1567,Sales,36,195200,16,Male
1568,Engineering,36,159300,13,Male
1569,Sales,25,81100,5,Female
1570,Sales,39,175300,18,Female
1571,Sales,28,81500,5,Female
1572,Engineering,38,195400,17,Female
1573,Marketing,28,56100,4,Female
1574,Marketing,25,70500,5,Female
1575,Engineering,24,58300,1,Female
1576,Engineering,30,103200,7,Male
1577,Engineering,34,158400,14,Female
1578,Sales,36,168200,14,Female
1579,Sales,32,108500,10,Male
1580,Sales,22,46800,0,Male
1581,Engineering,37,196200,17,Female
1582,Engineering,31,138200,11,Male
1583,Sales,35,130700,11,Male
1584,Sales,32,124600,10,Male
1585,HR,29,102300,7,Male
1586,Engineering,26,118300,6,Male
1587,Sales,41,192200,20,Male
1588,Sales,22,43800,1,Male
1589,Sales,31,116300,10,Female
1590,Marketing,31,111900,9,Male
1591,Sales,26,57000,2,Male
1592,HR,42,198700,19,Male
1593,Engineering,31,120400,9,Male
1594,Engineering,38,182100,17,Female
1595,Marketing,33,136400,13,Female
1596,Sales,39,182200,17,Male
1597,Engineering,31,120600,7,Male
1598,Engineering,30,126600,9,Female
1599,Engineering,32,145400,12,Male
1600,Marketing,43,189700,20,Male
1601,Engineering,28,125600,7,Male
1602,Engineering,23,61400,3,Female
1603,Engineering,26,77100,3,Male
1604,Engineering,24,94400,4,Male
1605,Engineering,23,53000,0,Male
1606,Sales,39,167300,16,Male
1607,Engineering,24,68400,1,Female
1608,Marketing,27,85100,7,Male
1609,Engineering,29,85600,6,Female
1610,Sales,35,160500,14,Male
1611,Marketing,28,62000,4,Male
1612,Sales,25,54300,1,Male
1613,Sales,29,91800,6,Female
1614,Engineering,31,113600,7,Male
1615,Engineering,30,100700,6,Male
1616,Sales,29,98500,6,Female
1617,HR,36,137000,13,Male
1618,Sales,41,212800,20,Female
1619,Sales,39,168800,17,Male
1620,Marketing,25,91700,5,Male
1621,Sales,26,89500,3,Female
1622,Engineering,32,128100,9,Male
1623,Sales,41,196700,17,Female
1624,HR,32,146300,11,Male
1625,Engineering,39,171800,15,Male
1626,Sales,29,93500,6,Female
1627,Engineering,28,86900,5,Female
1628,Sales,28,69500,4,Male
1629,Engineering,25,73300,2,Male
1630,Sales,33,116600,11,Male
1631,Marketing,34,160300,14,Female
1632,Engineering,29,128700,9,Female
1633,Sales,39,203800,19,Male
1634,Marketing,40,182200,18,Male
1635,HR,38,166700,15,Male
1636,Engineering,34,137500,10,Male
1637,Engineering,28,116100,7,Female
1638,Engineering,25,80000,2,Male
1639,HR,28,75400,6,Male
1640,HR,28,81000,6,Male
1641,Sales,33,172100,13,Male
1642,Marketing,24,50100,1,Male
1643,Sales,29,99800,9,Female
1644,Sales,39,171900,18,Female
1645,Engineering,28,118300,8,Male
1646,Marketing,36,154800,15,Female
1647,Engineering,40,190900,18,Female
1648,Marketing,37,193900,17,Male
1649,Marketing,28,100300,8,Male
1650,Marketing,39,168200,15,Male
1651,Engineering,34,153500,12,Male
1652,Engineering,33,124100,9,Female
1653,Engineering,40,195600,19,Male
1654,Engineering,34,166700,13,Female
1655,Engineering,33,119600,11,Female
1656,HR,39,192700,18,Male
1657,Sales,28,94500,6,Female
1658,Engineering,35,173200,14,Male
1659,Engineering,38,175100,15,Male
1660,Sales,27,88700,7,Female
1661,Sales,32,121000,9,Male
1662,Sales,25,77500,3,Male
1663,HR,40,179200,18,Female
1664,Sales,41,195600,18,Female
1665,HR,40,203000,20,Male
1666,Marketing,34,156500,14,Male
1667,Engineering,37,150400,13,Male
1668,HR,22,52800,0,Female
1669,Engineering,39,178000,15,Male
1670,Marketing,29,120300,9,Female
1671,Engineering,41,195100,18,Female
1672,Marketing,23,65800,2,Female
1673,Marketing,27,67800,4,Female
1674,Marketing,32,95100,8,Female
1675,Marketing,39,193700,17,Male
1676,Engineering,33,111300,10,Male
1677,Engineering,39,204900,15,Female
1678,Sales,25,60000,1,Female
1679,Engineering,35,139900,11,Female
1680,Sales,27,88300,5,Male
1681,Engineering,32,142000,10,Female
1682,HR,29,92700,7,Male
1683,Sales,32,153400,11,Female
1684,Marketing,23,62800,1,Male
1685,Engineering,30,146300,8,Female
1686,Marketing,36,139800,14,Male
1687,HR,24,50200,1,Female
1688,Sales,22,31100,0,Male
1689,Sales,30,106100,9,Female
1690,Marketing,25,44700,1,Female
1691,Engineering,34,139900,11,Female
1692,Sales,27,104700,7,Female
1693,Engineering,26,85900,4,Male
1694,Engineering,24,63000,0,Male
1695,Engineering,38,170200,14,Female
1696,Engineering,28,111500,5,Male
1697,Engineering,31,151300,11,Female
1698,Engineering,28,99200,7,Female
1699,HR,36,134500,12,Male
1700,Sales,42,188200,18,Male
1701,HR,24,44400,0,Male
1702,Sales,34,135800,10,Male
1703,Engineering,42,209800,19,Female
1704,Sales,22,50800,0,Female
1705,Sales,31,89700,7,Male
1706,Engineering,25,82400,4,Male
1707,Sales,37,153900,16,Female
1708,Engineering,29,115400,7,Male
1709,Sales,33,125400,9,Male
1710,Sales,25,39800,1,Male
1711,Engineering,32,120600,8,Female
1712,Engineering,26,70000,2,Male
1713,Marketing,41,192900,17,Male
1714,Sales,27,84100,6,Female
1715,Engineering,34,176200,14,Male
1716,HR,40,211400,20,Female
1717,Engineering,41,205100,19,Male
1718,Sales,38,183900,17,Male
1719,HR,26,66800,2,Male
1720,Engineering,33,148000,13,Male
1721,Engineering,24,58700,1,Male
1722,Engineering,36,160900,13,Male
1723,Engineering,33,155600,10,Male
1724,Engineering,39,171000,15,Male
1725,Sales,31,98300,7,Female
1726,Engineering,28,118500,6,Female
1727,Sales,32,131600,10,Female
1728,HR,24,77800,2,Male
1729,Marketing,39,178900,16,Female
1730,Sales,37,147500,13,Male
1731,Engineering,28,92100,5,Male
1732,Sales,29,92800,7,Male
1733,Sales,28,63900,4,Female
1734,Sales,28,104400,7,Female
1735,Engineering,22,69300,1,Female
1736,Marketing,34,159500,14,Male
1737,Sales,33,131800,11,Female
1738,Engineering,39,202300,16,Male
1739,Engineering,22,41400,0,Male
1740,Sales,38,142300,14,Male
1741,Marketing,36,135800,13,Male
1742,Marketing,41,192100,19,Male
1743,Marketing,38,149000,15,Female
1744,Engineering,30,132500,8,Male
1745,Sales,22,37600,0,Male
1746,Sales,36,163800,16,Male
1747,Engineering,35,161600,12,Female
1748,Engineering,41,217100,20,Male
1749,Marketing,44,207800,20,Male
1750,Engineering,26,86500,4,Male
1751,Sales,33,119700,9,Female
1752,Engineering,25,80700,5,Male
1753,Engineering,39,197500,18,Male
1754,Engineering,33,140500,12,Male
1755,HR,24,59500,0,Male
1756,Marketing,39,204900,19,Male
1757,HR,38,145500,14,Female
1758,Sales,36,146900,13,Female
1759,Engineering,28,109400,7,Female
1760,Sales,30,138500,9,Female
1761,Sales,31,113000,8,Male
1762,Marketing,36,163700,16,Female
1763,Engineering,29,120500,8,Female
1764,Sales,24,45600,2,Female
1765,Engineering,32,134300,10,Male
1766,Engineering,31,132200,11,Male
1767,Marketing,32,93500,9,Female
1768,Sales,40,192900,16,Female
1769,Engineering,36,182700,16,Female
1770,Engineering,34,127300,10,Female
1771,Sales,23,52000,3,Female
1772,Marketing,28,85800,6,Male
1773,Marketing,43,198500,20,Male
1774,HR,35,151700,13,Female
1775,Marketing,29,78500,6,Male
1776,Engineering,31,105700,7,Female
1777,Sales,22,35800,0,Male
1778,Sales,24,66800,3,Female
1779,Engineering,32,123100,11,Female
1780,Marketing,25,48000,2,Male
1781,Engineering,35,157300,12,Male
1782,HR,41,179700,19,Female
1783,Sales,26,95000,5,Male
1784,Sales,32,133700,10,Female
1785,Sales,27,78600,3,Male
1786,Marketing,40,192000,19,Male
1787,Sales,39,164100,15,Male
1788,Sales,26,96200,6,Male
1789,Engineering,32,148200,10,Male
1790,Sales,23,57300,0,Female
1791,Engineering,27,86400,6,Male
1792,Marketing,33,119300,11,Female
1793,Sales,29,82500,6,Female
1794,Sales,26,100300,6,Female
1795,Engineering,30,120200,9,Male
1796,Engineering,39,173000,15,Female
1797,Marketing,27,113100,7,Male
1798,Engineering,31,130200,8,Male
1799,Engineering,29,132800,8,Female
1800,Engineering,22,55800,1,Male
1801,HR,32,108300,12,Female
1802,Marketing,33,132000,12,Female
1803,Engineering,26,64600,3,Male
1804,Engineering,31,123600,11,Male
1805,Engineering,40,194300,16,Female
1806,Marketing,22,39100,1,Female
1807,Sales,32,132900,12,Female
1808,Engineering,41,187300,17,Male
1809,Engineering,37,183500,14,Male
1810,Engineering,29,109400,7,Male
1811,Sales,36,166500,14,Male
1812,Marketing,24,36800,0,Male
1813,Engineering,42,191200,19,Male
1814,Engineering,30,115100,9,Male
1815,Engineering,35,143000,11,Female
1816,HR,26,73100,4,Female
1817,Engineering,31,124400,8,Male
1818,Marketing,27,101400,7,Female
1819,Sales,38,174000,15,Female
1820,Engineering,36,151300,13,Male
1821,Engineering,34,169300,12,Male
1822,Engineering,42,234200,20,Male
1823,Sales,33,135800,12,Male
1824,Marketing,25,64100,4,Male
1825,Sales,39,147200,15,Male
1826,Sales,30,126700,10,Female
1827,Engineering,25,91500,4,Female
1828,HR,34,130200,12,Male
1829,Marketing,33,122800,10,Female
1830,Engineering,42,185100,18,Female
1831,HR,23,65700,2,Male
1832,Sales,37,151700,14,Female
1833,Sales,29,95900,6,Male
1834,Marketing,27,90100,6,Female
1835,Marketing,25,60400,5,Male
1836,Sales,22,69300,2,Male
1837,Engineering,36,143200,12,Female
1838,Engineering,26,105000,6,Female
1839,HR,28,57900,4,Male
1840,Engineering,39,186200,17,Female
1841,Engineering,28,114600,7,Female
1842,Sales,39,162200,16,Male
1843,Sales,43,186800,19,Male
1844,Sales,22,46300,0,Male
1845,HR,37,142300,13,Male
1846,Engineering,40,186500,16,Female
1847,Engineering,29,123300,9,Female
1848,Engineering,31,149400,11,Female
1849,Marketing,36,154300,15,Female
1850,Sales,36,155000,13,Male
1851,Engineering,36,165900,15,Male
1852,Marketing,28,89900,7,Female
1853,Marketing,29,119300,9,Female
1854,Marketing,36,162900,16,Male
1855,HR,40,164300,17,Male
1856,Engineering,43,224300,19,Female
1857,Marketing,36,159600,15,Male
1858,Sales,39,177700,16,Male
1859,Marketing,36,137400,15,Female
1860,Marketing,42,197300,18,Female
1861,Marketing,28,122500,7,Female
1862,Sales,27,97400,5,Female
1863,Engineering,28,108800,5,Male
1864,Sales,40,200900,20,Female
1865,HR,29,106500,8,Male
1866,HR,26,68900,3,Female
1867,Engineering,34,136000,11,Male
1868,Engineering,32,141800,11,Female
1869,Engineering,36,173000,16,Female
1870,Marketing,34,148000,14,Male
1871,Marketing,29,112400,8,Female
1872,Engineering,29,85300,6,Male
1873,Sales,29,126500,9,Male
1874,Marketing,36,144200,15,Male
1875,Marketing,32,128500,11,Female
1876,Sales,27,94400,6,Female
1877,Sales,40,186700,17,Male
1878,Sales,34,155200,14,Male
1879,Engineering,28,84600,5,Female
1880,Sales,33,134800,11,Male
1881,Sales,30,146700,10,Female
1882,Marketing,42,191900,19,Female
1883,Sales,22,52200,2,Female
1884,Marketing,23,43300,1,Female
1885,Engineering,29,96500,5,Male
1886,Sales,25,74300,4,Female
1887,Engineering,40,186900,17,Male
1888,Engineering,37,188300,15,Male
1889,Marketing,29,101200,7,Male
1890,HR,39,190800,19,Female
1891,Engineering,30,133900,10,Female
1892,Sales,30,118700,9,Male
1893,Marketing,31,133600,11,Female
1894,Engineering,43,227800,20,Male
1895,Sales,28,80900,5,Female
1896,Marketing,42,182100,19,Male
1897,Sales,28,71400,4,Female
1898,Engineering,31,110200,8,Female
1899,Engineering,35,159700,15,Male
1900,Marketing,33,158100,13,Female
1901,Sales,30,109500,7,Male
1902,Engineering,41,184200,19,Female
1903,Marketing,40,186200,18,Female
1904,Engineering,35,155200,13,Female
1905,Marketing,27,83000,6,Male
1906,Engineering,28,62100,4,Female
1907,HR,40,175700,17,Male
1908,Engineering,22,63800,1,Female
1909,Engineering,32,123200,10,Female
1910,Engineering,30,127200,7,Female
1911,Engineering,22,62900,0,Female
1912,Marketing,31,117300,11,Male
1913,HR,23,58200,1,Female
1914,Engineering,38,186300,17,Male
1915,Sales,26,103600,6,Male
1916,Marketing,38,153600,16,Female
1917,Marketing,37,145700,13,Female
1918,Sales,28,80800,6,Male
1919,Engineering,26,62600,2,Female
1920,Sales,29,65700,5,Male
1921,Sales,43,184700,19,Male
1922,Engineering,24,50600,1,Male
1923,Sales,39,159300,16,Female
1924,Engineering,35,144900,11,Female
1925,Marketing,31,110300,11,Female
1926,Engineering,40,186000,16,Male
1927,Sales,30,127100,9,Female
1928,Sales,26,52100,2,Male
1929,Sales,42,196200,19,Male
1930,Engineering,40,187600,17,Female
1931,Sales,33,136900,12,Male
1932,Sales,32,107400,11,Female
1933,Sales,38,161700,16,Female
1934,Sales,23,83600,3,Male
1935,Sales,29,120200,9,Female
1936,Marketing,30,117600,10,Female
1937,Engineering,28,74800,5,Male
1938,Marketing,25,85900,5,Female
1939,Sales,30,99900,8,Female
1940,Engineering,36,154600,14,Male
1941,Engineering,22,51600,1,Male
1942,Engineering,24,84100,3,Female
1943,Marketing,26,71300,4,Female
1944,Marketing,37,176600,16,Male
1945,Marketing,30,107300,7,Male
1946,Sales,29,93600,7,Female
1947,Sales,32,132600,11,Male
1948,Engineering,40,212000,20,Male
1949,Engineering,30,97400,7,Female
1950,Sales,42,176800,18,Female
1951,Engineering,26,69400,2,Male
1952,Engineering,37,190400,17,Male
1953,Sales,43,204500,20,Male
1954,Marketing,41,183500,18,Male
1955,HR,41,175800,18,Male
1956,HR,37,173200,14,Male
1957,Sales,29,87300,5,Male
1958,Sales,36,159200,15,Male
1959,Sales,30,105000,7,Female
1960,Marketing,36,151500,15,Male
1961,Engineering,40,191300,17,Male
1962,Sales,41,201000,19,Male
1963,Marketing,37,165500,15,Male
1964,Engineering,32,122400,10,Female
1965,Sales,29,123300,6,Male
1966,Sales,37,184800,16,Female
1967,Engineering,40,203300,16,Male
1968,Engineering,31,140400,11,Female
1969,Engineering,36,153500,12,Male
1970,Engineering,32,127400,9,Male
1971,Engineering,28,97500,6,Male
1972,Marketing,35,151600,13,Male
1973,Engineering,22,46200,0,Male
1974,Sales,39,180000,16,Male
1975,Engineering,27,74000,3,Female
1976,HR,43,204000,20,Male
1977,Engineering,27,101600,4,Male
1978,Sales,41,195700,19,Male
1979,Marketing,30,95800,6,Female
1980,Marketing,29,106900,9,Male
1981,Engineering,38,171200,16,Male
1982,Marketing,30,104600,6,Male
1983,Sales,22,52500,0,Female
1984,Sales,28,91700,6,Female
1985,Engineering,31,142000,10,Male
1986,Engineering,30,108800,8,Male
1987,Marketing,34,132400,11,Male
1988,Sales,26,63200,2,Male
1989,Sales,24,75500,3,Female
1990,Marketing,25,80400,3,Male
1991,Marketing,33,150500,12,Male
1992,Engineering,40,185100,18,Female
1993,Sales,31,97000,9,Male
1994,Engineering,24,89500,4,Male
1995,Marketing,26,89700,6,Male
1996,Sales,35,153600,15,Male
1997,HR,22,30400,0,Female
1998,Engineering,34,135300,11,Female
1999,Engineering,23,76400,1,Male
2000,Engineering,30,98300,6,Male
2001,Engineering,30,120000,10,Male
2002,Engineering,33,150400,12,Male
2003,HR,22,48000,1,Female
2004,Engineering,27,92700,6,Male
2005,Engineering,38,172900,14,Female
2006,Marketing,34,131400,10,Male
2007,Sales,22,49400,1,Female
2008,Marketing,30,73000,6,Female
2009,Engineering,23,76300,3,Female
2010,Sales,34,128000,10,Male
2011,Engineering,25,41400,1,Female
2012,Engineering,39,179800,15,Male
2013,HR,26,84300,6,Female
2014,Engineering,34,151400,12,Female
2015,Sales,24,74100,4,Male
2016,Sales,38,165500,16,Female
2017,Engineering,41,213900,20,Female
2018,Marketing,32,122900,11,Female
2019,Engineering,38,195400,18,Male
2020,Sales,28,84200,6,Female
2021,HR,27,85400,5,Female
2022,Sales,29,113400,7,Female
2023,HR,33,127300,12,Female
2024,Engineering,24,85800,4,Male
2025,Sales,24,42000,1,Male
2026,Engineering,30,122900,8,Female
2027,Marketing,32,122200,10,Male
2028,HR,28,74200,5,Female
2029,Engineering,26,102200,6,Male
2030,Sales,28,101700,6,Male
2031,Engineering,38,182900,18,Male
2032,Sales,27,72100,5,Male
2033,Sales,34,130800,10,Male
2034,HR,32,120500,10,Male
2035,Sales,30,92300,6,Male
2036,Engineering,22,72400,1,Female
2037,Engineering,40,206000,18,Female
2038,Engineering,24,96200,3,Male
2039,Engineering,26,103900,5,Male
2040,Engineering,39,188300,16,Male
2041,Marketing,25,71500,4,Male
2042,Sales,30,91600,6,Female
2043,Sales,29,109000,8,Male
2044,Engineering,22,57200,0,Male
2045,Marketing,22,30000,0,Male
2046,Marketing,40,186600,18,Female
2047,Engineering,28,92600,5,Male
2048,Marketing,37,179600,17,Female
2049,Sales,32,111200,9,Male
2050,Engineering,34,128400,10,Male
2051,Sales,22,47300,0,Female
2052,Sales,22,49800,0,Male
2053,Engineering,33,145000,12,Female
2054,HR,25,85200,4,Female
2055,Marketing,43,205100,19,Male
2056,Sales,22,30000,0,Male
2057,Sales,39,189200,19,Female
2058,Sales,25,62200,2,Male
2059,Sales,39,184700,17,Male
2060,Sales,28,130300,8,Male
2061,Engineering,33,160400,13,Female
2062,Sales,39,171800,16,Female
2063,Marketing,33,132600,13,Female
2064,Sales,27,53100,3,Male
2065,Engineering,24,85700,4,Male
2066,Marketing,44,220600,20,Male
2067,Engineering,36,180900,16,Male
2068,Engineering,22,55300,1,Female
2069,Engineering,24,91500,4,Female
2070,Engineering,27,58900,3,Female
2071,Marketing,23,64800,3,Male
2072,Sales,25,93200,5,Female
2073,Engineering,39,197500,19,Female
2074,Marketing,44,213700,20,Male
2075,Marketing,32,142600,12,Male
2076,Marketing,27,85800,4,Male
2077,Engineering,29,89200,6,Male
2078,Sales,43,195200,19,Female
2079,HR,22,49200,0,Male
2080,Marketing,36,129000,13,Female
2081,Engineering,25,88500,3,Female
2082,Engineering,39,181200,16,Male
2083,Sales,42,214400,20,Male
2084,HR,37,146200,13,Female
2085,Sales,36,179100,15,Male
2086,Sales,35,136100,13,Female
2087,Engineering,37,178300,15,Female
2088,Sales,42,181900,19,Male
2089,Marketing,29,100200,7,Female
2090,Engineering,26,74300,2,Male
2091,Marketing,42,181100,18,Female
2092,HR,24,32200,0,Female
2093,Engineering,24,59700,1,Male
2094,Sales,35,158000,14,Male
2095,Engineering,32,129800,9,Female
2096,Marketing,41,195300,17,Female
2097,Sales,36,157700,13,Male
2098,Sales,40,167100,16,Female
2099,Marketing,32,141800,12,Female
2100,Engineering,22,63800,0,Male
2101,HR,26,65400,4,Male
2102,Sales,33,148000,12,Male
2103,Engineering,33,144100,13,Male
2104,Sales,26,54100,2,Male
2105,Marketing,37,137800,14,Female
2106,Engineering,41,196900,18,Male
2107,Marketing,38,163300,16,Male
2108,HR,25,52000,2,Female
2109,Engineering,35,183200,15,Male
2110,HR,36,144900,13,Male
2111,Engineering,31,151000,11,Female
2112,Engineering,31,159300,11,Female
2113,Engineering,31,155900,10,Female
2114,Marketing,38,166600,16,Female
2115,Sales,31,106300,7,Male
2116,Engineering,36,181500,16,Female
2117,Sales,42,215100,20,Male
2118,Sales,43,205200,19,Male
2119,Engineering,33,128400,10,Male
2120,Marketing,23,42900,1,Male
2121,Marketing,31,125900,9,Male
2122,Sales,31,111500,9,Female
2123,HR,33,118900,10,Male
2124,Sales,28,91800,5,Male
2125,HR,25,62300,3,Female
2126,Sales,32,148300,11,Female
2127,Sales,30,135300,10,Male
2128,Engineering,35,142200,12,Male
2129,Marketing,25,66100,4,Male
2130,Sales,28,90900,5,Male
2131,Engineering,22,54500,0,Female
2132,Engineering,26,75600,5,Male
2133,Sales,41,171300,17,Male
2134,Sales,28,111300,8,Male
2135,Marketing,34,160900,14,Female
2136,Marketing,30,105000,7,Male
2137,Engineering,38,218600,18,Female
2138,Marketing,39,153100,15,Male
2139,Engineering,26,88600,5,Female
2140,Marketing,26,79700,5,Female
2141,Marketing,24,39200,2,Male
2142,Sales,30,117000,9,Female
2143,Marketing,23,38000,0,Female
2144,Engineering,37,166900,13,Female
2145,Sales,25,78600,3,Female
2146,Marketing,34,131600,11,Male
2147,Sales,28,85000,5,Male
2148,Engineering,33,138600,10,Female
2149,Sales,31,125100,11,Male
2150,Marketing,32,111200,9,Female
2151,Engineering,37,191200,17,Female
2152,Engineering,27,102200,6,Male
2153,Marketing,26,86300,6,Female
2154,Marketing,33,113800,10,Female
2155,Engineering,27,68700,3,Male
2156,Engineering,43,204900,19,Male
2157,Engineering,22,60900,0,Female
2158,Engineering,35,133600,12,Female
2159,Sales,37,176000,17,Female
2160,Marketing,32,124700,8,Male
2161,Sales,30,107100,8,Male
2162,Sales,31,110500,8,Female
2163,Engineering,32,145400,9,Male
2164,Marketing,23,51200,1,Male
2165,Sales,29,88400,5,Male
2166,HR,36,142900,14,Male
2167,Sales,23,64100,2,Male
2168,Engineering,30,134900,10,Male
2169,Sales,25,94200,5,Female
2170,Engineering,26,83800,2,Male
2171,Sales,32,125300,10,Male
2172,Engineering,37,170800,14,Male
2173,Engineering,35,132100,12,Female
2174,Marketing,42,169600,19,Female
2175,Engineering,30,137900,9,Male
2176,Marketing,26,55100,5,Male
2177,Engineering,37,170300,14,Female
2178,Sales,41,179300,17,Female
2179,Sales,38,193300,17,Male
2180,Sales,27,92600,6,Male
2181,Engineering,34,185000,14,Female
2182,Engineering,37,189000,17,Female
2183,Engineering,41,202500,17,Female
2184,Engineering,40,192000,19,Male
2185,Sales,29,86000,8,Male
2186,HR,23,47700,1,Male
2187,Marketing,31,82000,7,Male
2188,Marketing,43,191400,19,Female
2189,Marketing,23,43900,1,Male
2190,Sales,32,131100,10,Female
2191,Engineering,26,92400,6,Male
2192,HR,29,84200,5,Male
2193,Sales,33,125600,9,Female
2194,Sales,26,74900,4,Female
2195,Engineering,33,139800,10,Female
2196,Sales,23,35200,0,Male
2197,Sales,22,49200,1,Male
2198,Marketing,23,30000,0,Male
2199,Sales,41,212400,18,Male
2200,Engineering,24,75300,1,Male
2201,HR,41,216600,20,Female
2202,Engineering,39,219100,19,Male
2203,Sales,42,198400,20,Female
2204,Engineering,26,63700,3,Male
2205,Marketing,32,123800,11,Female
2206,HR,42,196800,19,Male
2207,Engineering,38,188100,17,Male
2208,Marketing,22,30000,0,Female
2209,Engineering,23,62500,0,Male
2210,HR,34,128000,13,Female
2211,Marketing,27,59800,3,Female
2212,Marketing,28,89400,4,Female
2213,Engineering,31,135500,10,Female
2214,HR,35,146800,12,Male
2215,Marketing,38,163500,15,Female
2216,Engineering,32,140900,12,Male
2217,Marketing,22,55300,1,Male
2218,Engineering,37,174400,15,Male
2219,Marketing,25,65100,5,Male
2220,Engineering,36,142500,13,Male
2221,Marketing,22,43800,0,Female
2222,Sales,36,194400,16,Male
2223,Engineering,31,124200,10,Female
2224,Engineering,42,189400,18,Male
2225,Engineering,22,75000,2,Female
2226,Sales,30,111900,10,Male
2227,Engineering,25,110500,4,Male
2228,Sales,39,164300,16,Female
2229,Engineering,27,98000,6,Female
2230,Engineering,29,119000,9,Male
2231,Marketing,33,129300,10,Female
2232,Engineering,24,92600,2,Female
2233,HR,39,185000,19,Female
2234,Marketing,30,120700,9,Female
2235,Sales,31,103900,9,Female
2236,Sales,37,158600,13,Female
2237,Marketing,33,145600,11,Male
2238,Engineering,35,181500,14,Male
2239,Engineering,31,128300,9,Male
2240,Engineering,30,116700,9,Female
2241,Marketing,38,184000,18,Female
2242,Engineering,23,51900,0,Female
2243,Sales,33,112500,9,Female
2244,HR,24,50100,1,Male
2245,Marketing,39,167300,16,Male
2246,Sales,29,100100,6,Male
2247,Engineering,27,110100,6,Female
2248,Marketing,40,191400,19,Male
2249,Sales,32,113300,8,Male
2250,Engineering,22,76200,1,Male
2251,Engineering,34,153700,13,Male
2252,HR,37,168200,16,Male
2253,Sales,22,34700,0,Male
2254,Marketing,28,108800,8,Female
2255,Marketing,43,194000,19,Male
2256,Sales,41,209600,20,Female
2257,Sales,42,179100,18,Male
2258,Sales,25,76700,3,Female
2259,Engineering,27,112000,7,Female
2260,Sales,33,151300,12,Female
2261,Marketing,23,59600,3,Female
2262,Sales,28,115800,8,Female
2263,Marketing,30,108500,8,Female
2264,Sales,41,196200,17,Female
2265,Sales,31,131800,11,Female
2266,Sales,32,111500,9,Male
2267,Sales,32,120100,10,Female
2268,Marketing,29,76900,6,Female
2269,Engineering,30,114000,8,Male
2270,Sales,28,61600,5,Female
2271,Engineering,41,212700,18,Female
2272,Engineering,35,194300,15,Female
2273,Sales,34,155500,14,Female
2274,Sales,28,97400,6,Male
2275,HR,39,161600,15,Male
2276,Sales,24,63900,4,Male
2277,Marketing,35,170300,15,Male
2278,Sales,22,56800,0,Male
2279,Sales,38,178600,18,Male
2280,Engineering,28,90300,4,Male
2281,Engineering,27,100400,6,Male
2282,Engineering,41,210900,18,Male
2283,Sales,27,76200,4,Female
2284,Engineering,37,182400,16,Male
2285,Engineering,28,129200,7,Male
2286,Engineering,22,42100,0,Male
2287,HR,23,50500,1,Male
2288,Engineering,38,167900,14,Female
2289,Sales,43,191000,19,Male
2290,Engineering,40,211400,17,Female
2291,Sales,33,128400,10,Male
2292,Engineering,32,133700,9,Female
2293,Engineering,23,87100,3,Male
2294,Sales,27,73800,4,Male
2295,Engineering,24,91400,3,Female
2296,Engineering,35,161400,12,Male
2297,Engineering,33,149800,12,Female
2298,Engineering,39,200400,17,Male
2299,Engineering,22,75400,1,Female
2300,Engineering,35,183000,15,Female
2301,Marketing,24,31600,0,Female
2302,Sales,40,188100,18,Male
2303,Sales,29,113800,8,Male
2304,Engineering,24,73500,2,Female
2305,HR,26,80500,6,Female
2306,Engineering,30,124100,9,Male
2307,Engineering,22,58500,0,Female
2308,Sales,29,101900,9,Male
2309,Engineering,41,215200,20,Female
2310,Engineering,29,126000,8,Male
2311,Sales,34,159800,14,Female
2312,Marketing,35,143400,14,Female
2313,Sales,22,54200,2,Female
2314,Marketing,27,86900,4,Female
2315,HR,31,94600,8,Male
2316,Engineering,29,130900,8,Female
2317,Engineering,27,96800,6,Female
2318,Engineering,31,154300,11,Female
2319,Sales,29,114400,8,Female
2320,Sales,29,81500,5,Female
2321,HR,24,30300,1,Male
2322,Marketing,29,108000,8,Female
2323,Sales,37,174800,16,Male
2324,Engineering,22,59100,0,Male
2325,Marketing,39,189400,18,Female
2326,HR,29,66900,5,Male
2327,Marketing,27,75900,4,Male
2328,Engineering,23,70400,1,Male
2329,Sales,28,116300,8,Male
2330,Engineering,33,146500,13,Female
2331,Engineering,26,90500,3,Female
2332,Engineering,23,83300,3,Male
2333,Sales,44,210600,20,Male
2334,Sales,35,148000,14,Male
2335,Engineering,30,118600,7,Male
2336,Engineering,25,61800,3,Female
2337,Sales,36,156500,15,Male
2338,Engineering,40,227700,20,Female
2339,Engineering,23,86100,3,Male
2340,Sales,37,167900,15,Male
2341,Marketing,35,137400,11,Male
2342,Engineering,37,185100,15,Male
2343,Engineering,41,206600,18,Female
2344,Engineering,29,108800,7,Male
2345,HR,25,71200,5,Male
2346,Sales,33,110400,9,Female
2347,Sales,28,91100,4,Female
2348,Engineering,39,178200,17,Male
2349,Sales,32,121900,9,Female
2350,Engineering,29,131900,9,Male
2351,Sales,27,107700,6,Female
2352,HR,41,180900,17,Male
2353,Sales,22,40800,0,Female
2354,Marketing,29,83900,6,Male
2355,Marketing,43,199900,20,Male
2356,Engineering,22,66300,0,Female
2357,HR,38,160100,14,Female
2358,Engineering,23,68100,3,Female
2359,Sales,40,199800,19,Female
2360,Engineering,30,135300,9,Male
2361,Engineering,29,116600,8,Male
2362,Sales,24,31400,1,Female
2363,Engineering,37,157000,13,Female
2364,Sales,35,150100,15,Male
2365,Sales,22,30000,0,Male
2366,Engineering,22,73700,1,Female
2367,Engineering,30,128200,6,Female
2368,Sales,33,130600,9,Female
2369,Engineering,41,180900,19,Male
2370,Marketing,24,38300,0,Female
2371,Sales,36,135100,12,Female
2372,Marketing,22,30000,0,Female
2373,Sales,28,81600,4,Female
2374,Sales,39,163200,15,Female
2375,Sales,34,145400,14,Male
2376,Engineering,40,162400,16,Male
2377,Engineering,35,168900,15,Female
2378,Marketing,34,136100,12,Male
2379,Sales,33,123800,10,Male
2380,Marketing,36,178600,16,Female
2381,Marketing,36,171400,16,Female
2382,Marketing,25,44600,1,Female
2383,HR,32,127800,12,Female
2384,Sales,34,131300,13,Male
2385,Engineering,31,124100,10,Female
2386,Sales,31,130600,9,Male
2387,Engineering,22,79600,2,Female
2388,Sales,40,175900,16,Male
2389,Marketing,38,147100,14,Male
2390,Sales,31,121400,8,Female
2391,Engineering,31,116900,9,Male
2392,Engineering,31,101000,7,Female
2393,Sales,43,204100,20,Male
2394,Engineering,36,129200,12,Male
2395,Marketing,40,165600,17,Male
2396,Engineering,25,84600,4,Female
2397,Engineering,26,90400,5,Male
2398,Engineering,40,173100,16,Male
2399,Sales,32,145400,10,Female
2400,Sales,39,210600,19,Male
2401,Engineering,37,192100,15,Male
2402,Engineering,30,118000,8,Female
2403,Sales,22,48100,1,Male
2404,Engineering,25,103000,4,Male
2405,Sales,22,45900,0,Female
2406,Sales,23,58400,3,Female
2407,Engineering,26,69100,3,Female
2408,Engineering,24,67800,2,Female
2409,HR,32,103800,8,Male
2410,Sales,32,133800,11,Female
2411,Sales,33,115200,9,Female
2412,Engineering,22,86400,1,Female
2413,Sales,34,111500,10,Male
2414,Engineering,33,133700,9,Female
2415,Sales,27,80200,5,Male
2416,HR,37,175600,17,Female
2417,Engineering,25,72400,1,Male
2418,Engineering,22,45200,1,Female
2419,Engineering,29,117500,9,Female
2420,Engineering,36,173700,15,Male
2421,Engineering,34,157800,11,Female
2422,Engineering,24,69700,0,Female
2423,Marketing,40,212800,20,Female
2424,Sales,28,79100,7,Male
2425,Engineering,39,164500,15,Female
2426,HR,39,165900,17,Male
2427,Engineering,33,150400,12,Male
2428,HR,35,133500,14,Male
2429,Engineering,43,226000,20,Female
2430,Marketing,33,108100,11,Female
2431,Sales,30,111300,7,Male
2432,Marketing,31,120700,9,Male
2433,HR,34,133100,13,Female
2434,Engineering,27,99600,4,Female
2435,HR,41,172700,17,Female
2436,Engineering,40,193100,18,Male
2437,Engineering,35,162800,14,Male
2438,Engineering,25,91600,5,Male
2439,Sales,32,122600,10,Female
2440,Engineering,42,212800,20,Male
2441,Sales,34,116100,10,Female
2442,Sales,41,190400,19,Male
2443,Marketing,41,186300,19,Male
2444,Marketing,44,216700,20,Male
2445,Sales,41,175300,17,Female
2446,Engineering,40,184600,17,Female
2447,Engineering,30,142200,9,Male
2448,Engineering,22,59800,1,Male
2449,Engineering,31,110100,8,Male
2450,Engineering,34,147900,13,Female
2451,Engineering,40,184800,18,Female
2452,HR,32,117400,9,Male
2453,Sales,26,51000,3,Male
2454,Engineering,26,108500,5,Female
2455,Sales,33,148100,13,Female
2456,Engineering,24,74600,3,Male
2457,Sales,34,154700,14,Female
2458,Sales,38,169600,15,Female
2459,Sales,26,88300,6,Female
2460,Sales,38,171100,16,Male
2461,HR,42,194500,18,Female
2462,Marketing,38,187500,18,Female
2463,Sales,40,160500,16,Female
2464,Sales,27,77900,5,Female
2465,Sales,34,107200,10,Male
2466,Engineering,37,181200,15,Female
2467,Engineering,31,118200,7,Male
2468,Engineering,34,125700,10,Male
2469,Sales,27,116000,6,Female
2470,Sales,38,213400,18,Female
2471,Engineering,33,127200,9,Male
2472,HR,31,96000,8,Female
2473,HR,24,66700,3,Male
2474,Marketing,34,143800,14,Male
2475,Sales,33,150500,12,Male
2476,Marketing,22,49700,1,Female
2477,Engineering,23,65400,1,Female
2478,Marketing,39,177600,15,Male
2479,Engineering,31,112800,8,Male
2480,Marketing,33,130200,12,Female
2481,Engineering,23,79600,2,Female
2482,Marketing,29,99800,8,Male
2483,HR,33,152000,12,Female
2484,Engineering,44,225000,20,Female
2485,Sales,22,49300,1,Male
2486,HR,31,77900,7,Male
2487,Sales,30,94500,8,Female
2488,Marketing,39,155200,15,Male
2489,Sales,25,57000,1,Female
2490,Engineering,27,106000,5,Male
2491,Engineering,31,108800,7,Female
2492,Engineering,24,78100,4,Male
2493,Marketing,31,102600,8,Female
2494,Engineering,22,55200,0,Female
2495,Sales,29,122000,8,Female
2496,Sales,29,129500,9,Male
2497,Sales,26,59000,3,Female
2498,Marketing,22,60500,2,Male
2499,HR,29,103500,9,Female
2500,Sales,35,148700,14,Male
2501,Marketing,33,130400,10,Female
2502,Marketing,33,142000,13,Female
2503,Sales,26,91400,5,Male
2504,HR,33,133300,11,Male
2505,Engineering,33,150200,12,Male
2506,Engineering,40,186300,16,Male
2507,Marketing,36,162000,15,Male
2508,Sales,23,49500,2,Female
2509,Marketing,22,52900,1,Male
2510,Marketing,30,112900,10,Female
2511,Engineering,31,108300,8,Male
2512,Marketing,23,64500,2,Male
2513,Sales,38,175100,17,Male
2514,Sales,43,208100,19,Male
2515,Sales,38,168000,14,Female
2516,HR,35,139200,13,Male
2517,Engineering,23,73700,1,Female
2518,Sales,40,169100,16,Male
2519,Sales,30,100300,7,Female
2520,Marketing,31,116900,9,Female
2521,Sales,40,201400,17,Male
2522,Engineering,42,208400,18,Male
2523,Engineering,29,110400,7,Male
2524,Engineering,28,112000,7,Female
2525,Marketing,26,40200,2,Male
2526,Engineering,24,81000,2,Female
2527,Engineering,34,152000,11,Male
2528,HR,39,170800,16,Male
2529,Engineering,25,86200,3,Male
2530,HR,39,147700,16,Male
2531,Sales,35,138200,13,Female
2532,Marketing,40,202000,18,Male
2533,Engineering,31,116400,8,Female
2534,Engineering,40,222600,20,Female
2535,Marketing,32,120500,11,Male
2536,Marketing,28,67600,4,Male
2537,Marketing,31,138500,10,Male
2538,Engineering,43,205400,19,Female
2539,Marketing,26,61200,2,Male
2540,Marketing,41,201300,20,Male
2541,Sales,36,159500,14,Male
2542,Marketing,36,146100,13,Male
2543,Marketing,30,100200,10,Female
2544,Sales,39,201800,19,Female
2545,Engineering,27,105600,7,Male
2546,Sales,24,86800,3,Female
2547,Engineering,32,135300,11,Female
2548,Sales,29,96300,7,Male
2549,Sales,25,109500,5,Female
2550,Engineering,36,174200,14,Male
2551,Engineering,31,133200,11,Female
2552,Engineering,36,176800,15,Female
2553,Marketing,38,147800,15,Female
2554,HR,43,202600,20,Male
2555,Engineering,42,199000,19,Female
2556,HR,42,210600,19,Male
2557,Sales,27,73200,3,Male
2558,Engineering,30,140300,10,Female
2559,Engineering,35,160500,12,Female
2560,Sales,32,119600,8,Male
2561,Marketing,27,57100,3,Female
2562,Marketing,35,128900,11,Male
2563,Engineering,30,114500,8,Male
2564,Engineering,34,171900,12,Female
2565,Sales,39,142100,15,Female
2566,Engineering,28,89200,5,Male
2567,Engineering,29,126200,9,Female
2568,Engineering,33,152400,12,Male
2569,Marketing,28,89200,6,Male
2570,HR,41,183500,18,Male
2571,Sales,41,187400,18,Female
2572,HR,37,170400,16,Female
2573,Engineering,33,155600,12,Male
2574,Sales,35,158900,12,Male
2575,Engineering,41,232800,20,Female
2576,Sales,24,56000,1,Female
2577,HR,30,107000,9,Male
2578,Sales,33,136700,12,Male
2579,Engineering,31,105900,8,Female
2580,Sales,24,54500,0,Female
2581,Engineering,36,158600,13,Male
2582,Marketing,35,164400,15,Female
2583,Sales,40,200300,19,Male
2584,Sales,36,150000,14,Male
2585,Sales,22,36800,0,Female
2586,Sales,36,168500,16,Male
2587,Engineering,34,155900,12,Male
2588,Sales,36,156200,14,Male
2589,Engineering,38,157300,15,Female
2590,Marketing,39,149800,15,Female
2591,Marketing,24,45300,1,Male
2592,Marketing,38,167700,16,Female
2593,Sales,32,130200,10,Male
2594,Sales,31,101400,7,Male
2595,Engineering,40,203400,19,Female
2596,Marketing,26,52000,2,Male
2597,Engineering,34,145000,11,Female
2598,Sales,40,201200,19,Female
2599,Engineering,38,171700,15,Male
2600,Engineering,37,148200,13,Female
2601,Sales,36,164000,15,Male
2602,Engineering,44,208500,20,Female
2603,Marketing,36,170900,16,Male
2604,Engineering,32,149800,10,Male
2605,Engineering,37,169500,16,Female
2606,Sales,40,200500,18,Female
2607,Engineering,22,59700,0,Male
2608,Engineering,32,154000,11,Male
2609,Marketing,36,147600,14,Male
2610,Engineering,39,176500,17,Male
2611,Marketing,34,145800,13,Male
2612,Engineering,22,69000,0,Female
2613,Engineering,34,140400,12,Male
2614,Marketing,35,142900,14,Female
2615,Engineering,28,108900,6,Male
2616,Engineering,36,161900,14,Female
2617,Engineering,42,223700,19,Male
2618,Engineering,32,133500,9,Female
2619,Marketing,33,136800,13,Male
2620,Engineering,28,89400,5,Female
2621,Marketing,36,138700,13,Male
2622,Marketing,31,127600,11,Male
2623,Sales,32,128000,10,Male
2624,HR,41,194300,19,Male
2625,Engineering,41,187800,18,Female
2626,HR,22,57000,1,Female
2627,Engineering,41,204100,19,Female
2628,Sales,24,35700,0,Male
2629,Sales,28,96400,7,Male
2630,Engineering,34,169100,13,Female
2631,Sales,29,110900,8,Female
2632,Marketing,24,50800,1,Male
2633,Engineering,25,75300,4,Female
2634,Engineering,28,112300,7,Female
2635,Marketing,39,170000,15,Female
2636,Sales,37,147000,15,Male
2637,HR,36,132100,12,Female
2638,Marketing,42,198200,19,Male
2639,HR,35,153600,14,Female
2640,Marketing,22,30000,0,Male
2641,Engineering,23,75000,2,Female
2642,Engineering,26,83300,5,Female
2643,Marketing,36,135300,13,Male
2644,Sales,24,61400,3,Male
2645,Engineering,37,206400,17,Female
2646,Engineering,36,150300,14,Male
2647,HR,30,88000,8,Male
2648,Sales,37,183800,17,Male
2649,Sales,25,62000,2,Female
2650,Sales,30,112300,9,Female
2651,Engineering,37,183100,16,Female
2652,Engineering,28,92400,6,Male
2653,Engineering,37,167900,14,Male
2654,Engineering,23,57100,0,Male
2655,Marketing,33,132100,10,Female
2656,Sales,37,192100,16,Male
2657,Marketing,27,69300,4,Male
2658,Marketing,26,75300,6,Female
2659,Engineering,42,202800,18,Female
2660,Sales,37,155700,14,Male
2661,Sales,26,59200,2,Male
2662,Marketing,35,135900,14,Female
2663,Engineering,27,88000,4,Female
2664,Sales,33,137200,11,Male
2665,Sales,40,206900,19,Female
2666,Engineering,24,81900,4,Male
2667,Engineering,22,62700,2,Female
2668,Sales,32,103900,8,Male
2669,Marketing,32,113300,8,Male
2670,Engineering,28,116900,6,Female
2671,Sales,23,64200,1,Female
2672,Engineering,40,221500,20,Female
2673,Marketing,38,159700,15,Female
2674,Engineering,28,120200,8,Male
2675,Marketing,32,138700,12,Male
2676,Engineering,40,196500,18,Male
2677,Engineering,43,215900,19,Female
2678,Engineering,38,166500,16,Male
2679,Engineering,27,80300,5,Male
2680,Sales,25,52500,3,Male
2681,Engineering,22,47000,0,Female
2682,Marketing,40,189500,17,Female
2683,Engineering,38,187100,18,Female
2684,Engineering,29,107500,8,Male
2685,Engineering,34,142700,12,Female
2686,Engineering,29,122100,7,Male
2687,Engineering,33,165400,12,Male
2688,Sales,36,167200,14,Male
2689,Sales,32,135800,10,Male
2690,Sales,33,149500,11,Female
2691,Sales,34,131000,13,Female
2692,Sales,23,56800,3,Male
2693,Engineering,22,48000,0,Female
2694,Sales,26,70000,3,Male
2695,HR,39,185000,18,Male
2696,Sales,32,110200,8,Male
2697,Sales,30,125300,9,Male
2698,Engineering,23,59800,3,Male
2699,Marketing,40,190600,19,Female
2700,Marketing,32,106700,8,Female
2701,Sales,35,137700,12,Female
2702,HR,35,129900,11,Male
2703,Engineering,31,145200,10,Female
2704,Engineering,35,143600,11,Female
2705,Marketing,38,197400,17,Female
2706,Marketing,34,137500,11,Male
2707,Engineering,38,177700,15,Female
2708,Engineering,24,92000,4,Female
2709,Engineering,42,214400,19,Female
2710,Engineering,33,159900,11,Male
2711,Marketing,44,211700,20,Male
2712,Sales,34,130100,10,Male
2713,Engineering,29,111700,8,Male
2714,Engineering,40,195100,17,Male
2715,Engineering,22,76800,2,Female
2716,Engineering,39,214800,19,Male
2717,Sales,36,165700,16,Male
2718,HR,35,151400,13,Male
2719,Marketing,23,48000,0,Male
2720,Engineering,36,170900,16,Male
2721,Marketing,29,84000,7,Female
2722,Marketing,28,83200,4,Male
2723,Marketing,25,63400,4,Female
2724,Sales,31,124400,8,Male
2725,Engineering,25,68200,2,Female
2726,Engineering,42,202800,18,Female
2727,Engineering,31,122400,8,Male
2728,Engineering,40,183900,17,Female
2729,Engineering,38,188900,15,Male
2730,Sales,23,42200,0,Male
2731,Marketing,23,48600,1,Male
2732,Sales,35,129200,13,Male
2733,Engineering,34,145600,13,Female
2734,HR,23,51300,0,Male
2735,HR,39,159900,15,Male
2736,Marketing,34,146100,14,Male
2737,HR,35,146300,14,Female
2738,Sales,31,138500,11,Female
2739,HR,35,172600,15,Female
2740,Engineering,36,153400,13,Male
2741,Engineering,38,178000,14,Male
2742,Engineering,34,165400,14,Male
2743,Engineering,38,204000,18,Male
2744,Engineering,28,93200,7,Male
2745,Sales,25,37000,1,Male
2746,Marketing,25,56200,1,Female
2747,Sales,29,119700,9,Male
2748,Engineering,26,75000,2,Female
2749,Marketing,37,157200,16,Female
2750,Sales,28,96800,7,Female
2751,Engineering,24,62300,3,Male
2752,Sales,36,140500,13,Female
2753,Engineering,40,214800,20,Female
2754,Engineering,33,130300,9,Female
2755,HR,22,32900,0,Male
2756,Engineering,23,84500,3,Male
2757,Sales,22,44600,0,Female
2758,Marketing,39,165700,16,Male
2759,Marketing,40,168800,16,Male
2760,Engineering,30,124000,6,Male
2761,Engineering,40,205400,19,Female
2762,Engineering,35,176500,14,Male
2763,Sales,32,146500,12,Female
2764,Sales,25,50500,1,Male
2765,Engineering,42,183500,18,Male
2766,HR,33,129700,12,Male
2767,Sales,32,125800,10,Female
2768,Engineering,34,166000,14,Male
2769,Sales,33,130000,9,Male
2770,Sales,31,101700,8,Male
2771,Engineering,31,117500,8,Male
2772,Engineering,41,212400,19,Female
2773,Marketing,22,37200,0,Male
2774,Sales,37,182700,16,Male
2775,Sales,32,122100,11,Male
2776,Sales,32,101800,9,Male
2777,Engineering,25,84100,4,Female
2778,Engineering,40,190300,17,Male
2779,Sales,36,159200,14,Male
2780,Engineering,25,96400,5,Male
2781,Engineering,30,98900,6,Female
2782,Marketing,38,152900,16,Female
2783,HR,28,78800,5,Male
2784,Marketing,29,85600,7,Female
2785,Marketing,35,128700,11,Female
2786,Engineering,40,203900,20,Male
2787,HR,37,147800,13,Male
2788,Engineering,34,159700,11,Male
2789,HR,33,104700,9,Female
2790,HR,41,179300,19,Female
2791,Marketing,35,163400,14,Male
2792,HR,28,105700,6,Female
2793,Sales,31,96500,8,Male
2794,Engineering,29,126100,9,Female
2795,Sales,33,121900,9,Female
2796,Sales,35,162400,15,Female
2797,Engineering,29,85500,6,Male
2798,Sales,28,63300,4,Male
2799,HR,24,43300,2,Female
2800,Engineering,39,180600,17,Male
2801,Marketing,33,120900,10,Male
2802,HR,38,163000,14,Male
2803,HR,42,186400,20,Male
2804,HR,42,184100,19,Female
2805,Sales,27,65900,4,Male
2806,HR,31,130900,11,Male
2807,Marketing,25,55800,3,Male
2808,Engineering,38,156900,14,Female
2809,Sales,30,93000,8,Female
2810,Marketing,28,101600,6,Male
2811,Engineering,31,148900,9,Female
2812,Sales,35,141800,12,Male
2813,Sales,28,115900,7,Male
2814,Engineering,32,137300,11,Female
2815,Sales,38,189000,18,Male
2816,Marketing,22,46500,0,Male
2817,Sales,36,157500,15,Female
2818,Engineering,36,181400,16,Female
2819,Engineering,40,188200,17,Female
2820,Engineering,32,139400,10,Female
2821,HR,41,176600,17,Male
2822,Engineering,29,95700,6,Male
2823,Sales,37,178000,17,Female
2824,Engineering,30,122100,7,Male
2825,Engineering,29,100500,5,Female
2826,Marketing,29,92600,6,Male
2827,Marketing,29,134600,9,Male
2828,Engineering,34,123700,10,Male
2829,Sales,36,148100,12,Female
2830,Engineering,31,119500,8,Male
2831,Sales,30,96400,6,Female
2832,Sales,31,110800,8,Female
2833,Engineering,34,144000,12,Female
2834,Engineering,26,60600,2,Male
2835,Engineering,25,71000,2,Male
2836,HR,22,32200,0,Female
2837,HR,44,196300,20,Male
2838,Engineering,41,215000,19,Male
2839,Marketing,25,35700,1,Male
2840,Engineering,22,69100,2,Male
2841,Engineering,34,177500,14,Male
2842,Marketing,28,74900,5,Female
2843,HR,33,150700,12,Female
2844,HR,40,184500,20,Male
2845,Sales,22,63200,0,Female
2846,Engineering,41,207200,19,Male
2847,Marketing,40,170700,18,Male
2848,Engineering,22,63300,0,Female
2849,Sales,43,209300,20,Male
2850,Engineering,25,76800,1,Female
2851,Sales,35,141600,14,Female
2852,Engineering,34,148000,13,Female
2853,Engineering,39,206700,18,Male
2854,HR,31,145500,10,Male
2855,Engineering,35,172800,14,Male
2856,Sales,28,92300,5,Male
2857,Engineering,39,199400,19,Male
2858,Engineering,32,117200,8,Female
2859,Engineering,24,80800,4,Male
2860,Engineering,40,212000,19,Female
2861,Marketing,22,57300,1,Male
2862,Engineering,28,96900,5,Female
2863,HR,39,184000,17,Female
2864,Sales,38,188700,18,Female
2865,Sales,32,122200,8,Male
2866,Sales,43,196400,20,Female
2867,Sales,27,99200,5,Male
2868,Marketing,36,136800,13,Male
2869,Engineering,33,151200,12,Female
2870,Engineering,32,123100,10,Female
2871,Marketing,35,133100,11,Female
2872,HR,40,185300,18,Male
2873,Marketing,42,191400,18,Female
2874,Sales,41,187700,20,Female
2875,Marketing,42,185300,18,Male
2876,Sales,35,145000,12,Female
2877,Sales,33,139100,13,Male
2878,Engineering,40,196300,17,Male
2879,Sales,34,110000,11,Female
2880,Engineering,25,77700,3,Male
2881,Engineering,30,141100,9,Male
2882,Marketing,36,166600,16,Male
2883,Engineering,27,71800,3,Female
2884,Engineering,33,142400,11,Male
2885,Engineering,33,152000,12,Male
2886,HR,23,73000,3,Female
2887,Sales,32,118300,9,Male
2888,Sales,23,68600,2,Female
2889,Marketing,35,152900,14,Male
2890,Marketing,22,40500,1,Male
2891,Engineering,39,169000,16,Male
2892,Sales,29,88700,5,Male
2893,Marketing,29,71300,7,Female
2894,Sales,26,43300,2,Male
2895,Engineering,37,177000,17,Female
2896,Marketing,22,47100,0,Male
2897,Sales,35,150100,15,Female
2898,Engineering,29,107700,6,Female
2899,Sales,26,50700,2,Male
2900,Engineering,24,77500,3,Female
2901,Engineering,30,118400,8,Female
2902,Marketing,25,70400,4,Female
2903,Engineering,38,192500,18,Male
2904,Sales,35,141300,14,Male
2905,Sales,28,101300,7,Male
2906,Engineering,28,100600,5,Female
2907,HR,40,182800,17,Female
2908,Engineering,42,199800,18,Female
2909,Engineering,34,169600,14,Male
2910,Engineering,29,95300,6,Male
2911,Engineering,32,131500,9,Male
2912,Engineering,29,99100,5,Male
2913,Marketing,35,141000,13,Male
2914,HR,40,168500,16,Male
2915,Engineering,29,118700,8,Female
2916,Sales,39,193600,18,Male
2917,Marketing,27,56600,4,Male
2918,Marketing,29,72400,6,Female
2919,Sales,42,173900,18,Female
2920,Engineering,43,202600,19,Male
2921,Engineering,26,107600,6,Female
2922,Marketing,22,30000,1,Male
2923,Marketing,39,160900,15,Male
2924,Engineering,34,162900,12,Female
2925,Engineering,27,113700,7,Female
2926,HR,29,59800,5,Female
2927,Marketing,28,85200,5,Female
2928,HR,32,106400,8,Male
2929,Marketing,26,60600,3,Female
2930,Engineering,33,136800,10,Male
2931,Sales,25,63000,4,Male
2932,Sales,37,173500,16,Male
2933,Engineering,43,211800,19,Male
2934,Sales,30,86100,6,Female
2935,Marketing,36,147300,14,Female
2936,Engineering,34,161300,14,Female
2937,Marketing,33,139200,13,Male
2938,Sales,36,132700,12,Female
2939,HR,31,112300,10,Female
2940,Engineering,34,156200,12,Female
2941,Engineering,28,101600,8,Male
2942,Sales,33,118800,9,Male
2943,Engineering,24,84100,3,Female
2944,Marketing,37,154500,16,Female
2945,Marketing,34,143200,13,Male
2946,Engineering,40,181800,17,Male
2947,Sales,31,136400,10,Female
2948,Sales,39,162900,15,Female
2949,Engineering,22,69700,0,Female
2950,HR,30,101200,6,Male
2951,Marketing,30,115100,9,Male
2952,Sales,30,130400,8,Male
2953,Marketing,22,40300,2,Female
2954,Sales,33,163500,13,Male
2955,HR,38,149300,14,Male
2956,Sales,23,51700,1,Male
2957,Marketing,37,139400,13,Male
2958,Marketing,37,145500,15,Male
2959,Engineering,28,108700,6,Male
2960,Marketing,27,51600,3,Female
2961,Engineering,39,185100,17,Male
2962,Engineering,25,81500,4,Male
2963,Engineering,27,105000,5,Male
2964,HR,28,87300,6,Female
2965,Marketing,38,127600,14,Male
2966,Marketing,22,31000,0,Male
2967,Marketing,26,48400,3,Male
2968,Sales,22,50000,0,Female
2969,HR,33,108200,10,Female
2970,Sales,39,174900,17,Male
2971,Engineering,37,176500,13,Male
2972,Engineering,34,141400,10,Male
2973,Marketing,31,100400,9,Female
2974,Marketing,40,176300,16,Female
2975,Engineering,27,71800,3,Male
2976,Engineering,36,175200,14,Female
2977,Marketing,35,155900,15,Male
2978,Engineering,42,205400,20,Female
2979,Marketing,32,125500,12,Female
2980,HR,32,106900,8,Female
2981,Sales,30,134100,10,Male
2982,Engineering,34,138700,10,Male
2983,Marketing,25,75700,5,Male
2984,Marketing,22,30000,0,Male
2985,Sales,27,78600,5,Male
2986,HR,32,123500,12,Male
2987,Engineering,28,100700,4,Male
2988,Sales,36,153000,14,Female
2989,Marketing,37,179000,17,Female
2990,Marketing,41,188600,19,Male
2991,Engineering,36,163300,13,Male
2992,Marketing,36,159200,14,Male
2993,Sales,27,100300,4,Male
2994,Engineering,26,74400,3,Male
2995,Engineering,23,73400,1,Male
2996,Marketing,30,90800,6,Female
2997,Engineering,33,121200,9,Female
2998,Engineering,39,169900,15,Male
2999,Engineering,30,131700,9,Female
3000,Marketing,40,173000,17,Male
3001,Sales,38,174000,16,Male
3002,Marketing,44,206600,20,Male
3003,Engineering,36,176000,12,Female
3004,Sales,22,45300,0,Male
3005,Sales,23,33700,0,Male
3006,Marketing,36,156000,14,Female
3007,HR,22,35200,0,Male
3008,Engineering,26,113900,5,Female
3009,Sales,34,136000,12,Female
3010,Engineering,23,55200,0,Male
3011,Sales,28,83200,4,Female
3012,Engineering,29,123900,8,Female
3013,Engineering,37,196900,16,Female
3014,Engineering,38,181700,15,Male
3015,Sales,28,124400,7,Female
3016,Engineering,37,187500,16,Male
3017,Marketing,37,165000,14,Female
3018,Sales,22,40300,0,Male
3019,Engineering,35,162700,11,Male
3020,Marketing,28,68500,4,Male
3021,Engineering,26,109900,5,Male
3022,Sales,24,53900,0,Male
3023,Sales,22,45700,0,Male
3024,Engineering,30,142000,9,Male
3025,Engineering,33,126900,9,Male
3026,Engineering,22,84700,2,Male
3027,HR,36,171800,16,Male
3028,Sales,38,185200,18,Female
3029,Sales,30,128200,10,Female
3030,Sales,37,181300,17,Male
3031,Engineering,22,58600,1,Male
3032,Sales,31,111300,8,Female
3033,Marketing,39,172000,16,Male
3034,Engineering,34,134500,13,Male
3035,Engineering,24,84000,3,Male
3036,Engineering,38,190400,16,Female
3037,Sales,39,187500,16,Male
3038,HR,31,115600,11,Female
3039,Engineering,40,196800,19,Male
3040,Sales,37,183100,17,Female
3041,Engineering,25,63900,2,Male
3042,HR,34,108100,10,Male
3043,Engineering,41,186900,17,Male
3044,Sales,24,65400,3,Female
3045,Marketing,38,157800,16,Male
3046,Marketing,37,165800,17,Male
3047,Sales,25,75800,4,Female
3048,Engineering,35,144500,13,Female
3049,Engineering,29,112400,9,Male
3050,Engineering,37,167700,14,Male
3051,Engineering,24,70100,0,Male
3052,Sales,37,172300,15,Male
3053,Engineering,30,147200,10,Female
3054,Engineering,40,188900,19,Male
3055,Sales,25,70900,5,Female
3056,HR,36,160100,15,Male
3057,Sales,25,61400,1,Male
3058,Engineering,24,61400,0,Male
3059,Engineering,28,105600,8,Female
3060,HR,31,139400,11,Male
3061,Engineering,37,182200,16,Female
3062,Engineering,35,174800,14,Female
3063,Sales,40,182900,18,Male
3064,Sales,31,101600,9,Male
3065,Sales,33,141500,11,Male
3066,Engineering,33,163700,13,Female
3067,Engineering,30,106500,8,Male
3068,HR,32,129300,12,Female
3069,Engineering,26,77900,2,Male
3070,Sales,43,207100,20,Female
3071,Marketing,37,149000,13,Female
3072,Sales,40,199800,20,Male
3073,Engineering,29,141200,9,Female
3074,Engineering,38,173900,15,Female
3075,Sales,27,69300,6,Male
3076,Marketing,24,65100,3,Female
3077,HR,40,198000,19,Female
3078,Engineering,32,138000,10,Male
3079,Engineering,36,170700,15,Male
3080,HR,41,172500,19,Male
3081,Marketing,25,57500,3,Female
3082,Marketing,37,162400,16,Female
3083,Engineering,33,144400,12,Male
3084,Sales,33,131100,10,Male
3085,Marketing,25,52700,2,Male
3086,Sales,30,122800,8,Male
3087,Sales,28,82700,5,Male
3088,Engineering,42,227200,20,Male
3089,Sales,30,127100,10,Female
3090,Engineering,37,177600,15,Female
3091,Sales,40,182200,18,Male
3092,HR,27,58500,4,Male
3093,Engineering,33,158300,13,Female
3094,Marketing,40,184900,16,Male
3095,Engineering,26,66400,2,Female
3096,Sales,27,62800,3,Female
3097,HR,35,158300,15,Female
3098,Engineering,36,192700,15,Male
3099,Engineering,40,222900,20,Female
3100,Sales,26,81100,3,Female
3101,Engineering,40,179200,18,Female
3102,Marketing,38,159800,16,Male
3103,HR,35,128100,12,Female
3104,Sales,23,56400,0,Male
3105,Engineering,33,149600,11,Male
3106,Sales,24,79600,3,Male
3107,Marketing,31,101200,10,Female
3108,Engineering,25,98100,4,Female
3109,Sales,24,59600,1,Female
3110,Sales,38,163800,16,Male
3111,Sales,29,99000,7,Male
3112,Engineering,27,86100,5,Female
3113,Marketing,40,199000,20,Female
3114,Engineering,28,123500,8,Female
3115,Engineering,36,165000,12,Male
3116,Marketing,30,110600,10,Female
3117,Marketing,36,155300,15,Female
3118,Engineering,36,164000,15,Male
3119,Engineering,22,70700,1,Male
3120,Engineering,30,111200,9,Male
3121,Engineering,35,144800,11,Female
3122,Engineering,28,98700,7,Female
3123,Engineering,33,135500,10,Female
3124,Sales,32,128600,9,Male
3125,Marketing,35,130900,12,Female
3126,Sales,36,175200,16,Female
3127,Sales,28,84100,6,Male
3128,Engineering,26,69900,2,Female
3129,HR,42,176400,19,Male
3130,Marketing,35,143100,12,Male
3131,Marketing,39,179800,18,Male
3132,Marketing,29,85900,6,Male
3133,HR,29,104700,8,Female
3134,Sales,39,169300,18,Male
3135,Engineering,34,144100,12,Female
3136,Sales,27,102400,7,Male
3137,Marketing,38,174400,17,Male
3138,Marketing,22,69800,1,Female
3139,Sales,39,193600,17,Female
3140,Engineering,38,192400,17,Male
3141,Engineering,34,124800,10,Female
3142,HR,22,35100,0,Female
3143,Sales,37,155600,13,Male
3144,Sales,38,165800,15,Male
3145,Engineering,30,147800,10,Male
3146,Engineering,23,55700,0,Female
3147,Marketing,27,89200,6,Male
3148,Sales,37,181200,15,Male
3149,Marketing,37,133000,13,Male
3150,Sales,37,174300,14,Male
3151,Sales,34,156700,13,Female
3152,Engineering,44,247400,20,Female
3153,Marketing,34,113000,10,Male
3154,Sales,38,181300,15,Male
3155,Sales,39,190300,18,Male
3156,Sales,38,171100,16,Female
3157,HR,28,83000,5,Female
3158,Engineering,34,136300,10,Male
3159,Marketing,40,160200,16,Male
3160,Engineering,28,117700,8,Male
3161,Sales,38,184100,17,Female
3162,Engineering,36,178700,16,Male
3163,Engineering,33,148400,11,Male
3164,Sales,27,74000,4,Male
3165,Engineering,34,139600,10,Male
3166,Sales,24,72400,3,Female
3167,HR,27,68500,3,Male
3168,Engineering,22,57500,2,Male
3169,Marketing,36,179000,16,Female
3170,Sales,29,84300,6,Male
3171,Sales,24,67100,3,Female
3172,Engineering,33,144500,12,Male
3173,Engineering,34,143700,11,Female
3174,Engineering,22,53900,0,Male
3175,Engineering,40,221500,20,Female
3176,Engineering,38,199400,18,Male
3177,Sales,44,201100,20,Male
3178,Marketing,41,174000,19,Female
3179,Marketing,37,184800,17,Female
3180,Sales,32,130200,10,Male
3181,Engineering,41,216300,19,Female
3182,Engineering,23,69100,2,Male
3183,Engineering,39,186600,16,Female
3184,Engineering,35,136500,11,Male
3185,Sales,31,109600,9,Male
3186,Sales,31,98200,7,Male
3187,Engineering,35,176200,14,Female
3188,Engineering,24,84300,4,Male
3189,Marketing,25,63500,3,Male
3190,Marketing,43,202400,20,Female
3191,Engineering,40,207300,19,Male
3192,HR,42,194100,18,Male
3193,HR,40,192500,20,Female
3194,Engineering,27,80000,3,Male
3195,Engineering,37,171700,14,Male
3196,Sales,38,156600,16,Male
3197,HR,34,130700,11,Male
3198,Marketing,26,69400,2,Female
3199,Engineering,33,123500,9,Male
3200,Engineering,37,156100,14,Male
3201,Sales,32,121700,9,Male
3202,Sales,40,182800,17,Male
3203,Engineering,22,70200,0,Male
3204,Marketing,26,60400,2,Female
3205,Sales,41,195600,20,Female
3206,Marketing,31,118100,11,Female
3207,Marketing,22,48600,0,Male
3208,Marketing,22,59600,2,Male
3209,Sales,23,60400,2,Female
3210,Sales,27,78700,4,Male
3211,Engineering,42,203400,18,Female
3212,Sales,22,48700,0,Female
3213,Engineering,25,63900,3,Female
3214,Sales,27,81200,3,Male
3215,Engineering,37,195800,16,Male
3216,Engineering,35,177100,13,Female
3217,Engineering,37,206900,17,Female
3218,Engineering,22,69200,0,Male
3219,Marketing,39,157100,15,Female
3220,Marketing,22,59000,2,Male
3221,Sales,42,216700,20,Male
3222,Engineering,32,101000,8,Female
3223,Engineering,24,76800,3,Male
3224,Engineering,44,197900,20,Male
3225,Engineering,25,89800,4,Male
3226,Marketing,30,132700,10,Male
3227,Engineering,44,215200,20,Male
3228,Engineering,31,113300,8,Male
3229,Engineering,25,73800,2,Male
3230,Engineering,28,99100,5,Female
3231,Sales,33,129800,10,Female
3232,Sales,31,96900,8,Male
3233,Engineering,35,169400,14,Male
3234,Engineering,26,72800,2,Male
3235,Engineering,22,64500,0,Female
3236,Engineering,42,206200,19,Female
3237,Engineering,41,218700,18,Female
3238,HR,33,144800,13,Male
3239,Sales,36,168200,16,Female
3240,Sales,36,139000,13,Male
3241,Sales,37,167900,16,Female
3242,Sales,33,141000,13,Female
3243,Sales,35,131400,11,Male
3244,Sales,39,181900,15,Female
3245,Marketing,22,30000,0,Female
3246,Engineering,34,137100,12,Male
3247,Sales,26,82700,5,Male
3248,Sales,39,159400,16,Male
3249,Marketing,33,118200,11,Male
3250,Sales,41,192400,18,Male
3251,Sales,29,84500,5,Female
3252,Engineering,26,107400,6,Female
3253,Sales,23,50900,0,Female
3254,Engineering,24,68400,0,Female
3255,Engineering,25,90800,4,Female
3256,Engineering,28,107000,5,Female
3257,Sales,39,166100,15,Female
3258,Engineering,35,178900,15,Male
3259,Engineering,36,162800,13,Male
3260,Marketing,24,42800,0,Male
3261,Engineering,35,153100,12,Male
3262,Sales,39,215200,19,Male
3263,Sales,32,124000,9,Female
3264,Engineering,32,122500,9,Female
3265,Marketing,32,127400,8,Male
3266,Engineering,34,147200,12,Female
3267,Sales,25,60900,2,Male
3268,Sales,39,172700,17,Female
3269,Sales,40,204200,19,Female
3270,Sales,24,69900,1,Female
3271,Engineering,38,168100,16,Male
3272,Engineering,39,196200,18,Female
3273,Marketing,36,147200,12,Male
3274,Sales,35,130400,12,Female
3275,Marketing,24,45700,0,Male
3276,Marketing,22,35000,1,Female
3277,Marketing,24,44100,0,Male
3278,Sales,28,77800,4,Female
3279,Engineering,22,104200,2,Male
3280,Marketing,27,95400,6,Female
3281,Sales,36,119300,12,Female
3282,Engineering,39,190300,17,Male
3283,Marketing,41,208200,20,Male
3284,Marketing,26,83900,6,Female
3285,Sales,23,40400,0,Male
3286,Engineering,28,82900,4,Male
3287,Engineering,38,188500,16,Male
3288,Marketing,27,83400,7,Female
3289,HR,35,146400,14,Male
3290,Engineering,43,217300,19,Male
3291,Engineering,23,74100,3,Female
3292,Marketing,22,42500,1,Male
3293,Engineering,26,73200,4,Male
3294,Sales,23,51500,0,Female
3295,HR,27,76300,4,Female
3296,Engineering,28,104700,5,Male
3297,Sales,22,51900,1,Male
3298,Engineering,22,58200,0,Female
3299,Engineering,24,82100,3,Male
3300,Marketing,26,73800,6,Female
3301,Sales,22,68500,0,Female
3302,HR,22,49800,0,Female
3303,Sales,28,101800,7,Female
3304,Engineering,40,204800,19,Male
3305,Engineering,37,188200,15,Female
3306,Engineering,44,216000,20,Female
3307,Engineering,35,160100,12,Female
3308,Engineering,40,185200,17,Male
3309,Engineering,41,198200,19,Male
3310,Sales,32,115400,9,Male
3311,Marketing,35,128100,11,Female
3312,Sales,24,49200,0,Female
3313,Marketing,29,126700,9,Female
3314,Engineering,29,130100,8,Female
3315,Engineering,25,84200,2,Female
3316,Sales,42,181700,18,Male
3317,Sales,29,106100,8,Male
3318,Engineering,30,136700,9,Female
3319,Marketing,38,196100,18,Female
3320,Marketing,36,167400,15,Female
3321,Sales,38,175400,17,Male
3322,Engineering,35,148600,13,Female
3323,Marketing,22,58300,2,Female
3324,Sales,22,44100,1,Male
3325,Marketing,23,44600,0,Female
3326,Marketing,38,188500,17,Male
3327,Marketing,31,105900,8,Male
3328,Sales,36,127900,12,Female
3329,Engineering,22,57900,1,Male
3330,Sales,30,101600,6,Male
3331,Sales,37,169700,15,Female
3332,Marketing,41,205500,20,Female
3333,Engineering,41,216700,18,Male
3334,Engineering,37,170500,14,Female
3335,Marketing,31,123200,10,Male
3336,Marketing,23,48600,0,Female
3337,HR,41,188300,20,Female
3338,Marketing,26,83500,6,Male
3339,Sales,42,189600,19,Male
3340,Sales,28,107500,7,Male
3341,Marketing,30,102800,9,Male
3342,Sales,27,82600,4,Female
3343,Sales,28,106800,8,Male
3344,Engineering,23,51400,0,Male
3345,Sales,22,62100,1,Female
3346,Marketing,38,170700,18,Male
3347,Engineering,37,154100,13,Female
3348,Engineering,41,236300,19,Male
3349,Engineering,32,145500,9,Female
3350,Engineering,29,100900,8,Female
3351,Engineering,29,121900,9,Female
3352,Sales,25,85600,5,Male
3353,HR,40,153900,16,Male
3354,Sales,28,105200,5,Male
3355,Engineering,23,79300,3,Male
3356,Engineering,43,205100,19,Male
3357,Sales,23,64800,2,Female
3358,Engineering,42,202700,18,Female
3359,Marketing,40,167500,17,Female
3360,Sales,27,82200,3,Male
3361,Marketing,27,97600,7,Male
3362,Engineering,36,196100,16,Female
3363,Sales,26,71200,4,Male
3364,Engineering,36,133000,12,Female
3365,HR,22,54400,0,Female
3366,Sales,35,148400,12,Female
3367,Engineering,25,90700,3,Male
3368,Engineering,37,171300,13,Female
3369,Engineering,23,71200,2,Male
3370,Sales,26,73300,4,Female
3371,Engineering,26,102100,6,Female
3372,Sales,23,50500,0,Male
3373,Engineering,35,145800,11,Female
3374,Sales,31,106700,10,Female
3375,Marketing,27,94800,7,Male
3376,Marketing,27,94100,5,Female
3377,Marketing,24,48000,1,Male
3378,Engineering,40,221200,18,Male
3379,Engineering,41,197400,19,Female
3380,Sales,40,200500,19,Male
3381,Engineering,33,149100,13,Male
3382,Sales,24,36400,0,Female
3383,Engineering,30,118500,9,Female
3384,Engineering,38,197100,15,Female
3385,Engineering,25,76500,3,Male
3386,Marketing,33,113000,10,Male
3387,Engineering,36,175000,15,Male
3388,Sales,40,194800,19,Male
3389,Engineering,24,63100,0,Female
3390,Sales,37,144600,15,Female
3391,Engineering,39,189500,18,Male
3392,Marketing,43,208500,20,Male
3393,Marketing,32,99100,8,Female
3394,Engineering,31,111500,8,Female
3395,HR,30,96000,8,Male
3396,HR,40,175200,16,Female
3397,Marketing,35,134800,11,Male
3398,Marketing,36,145600,12,Female
3399,Engineering,27,99400,7,Female
3400,Sales,39,152800,15,Female
3401,Engineering,40,202400,17,Male
3402,Engineering,23,57100,0,Male
3403,HR,22,33900,0,Male
3404,Engineering,32,141400,11,Female
3405,Marketing,26,67700,5,Female
3406,Marketing,28,98700,8,Female
3407,Marketing,28,73600,4,Female
3408,HR,35,163500,15,Female
3409,Engineering,39,190100,17,Male
3410,Engineering,38,181100,16,Female
3411,Sales,38,188300,17,Male
3412,Engineering,22,54000,0,Male
3413,Engineering,42,194500,18,Male
3414,Engineering,30,103400,7,Male
3415,Marketing,24,38300,2,Female
3416,Sales,24,83500,4,Male
3417,Engineering,31,125600,7,Male
3418,Sales,40,180700,18,Female
3419,Engineering,39,178300,17,Female
3420,Engineering,41,184800,17,Female
3421,Marketing,42,202900,20,Male
3422,Sales,23,39900,0,Male
3423,Marketing,35,146800,14,Female
3424,Engineering,41,190200,17,Female
3425,Marketing,26,89000,6,Male
3426,Sales,37,168700,15,Female
3427,Sales,36,162000,15,Male
3428,Sales,34,153900,14,Male
3429,Marketing,25,60800,5,Male
3430,Sales,31,118400,8,Male
3431,Sales,27,95500,6,Female
3432,HR,37,159100,13,Male
3433,Marketing,31,125100,10,Male
3434,Sales,41,204300,20,Male
3435,Marketing,35,145100,15,Male
3436,Engineering,28,78700,5,Male
3437,Engineering,38,185500,15,Male
3438,Sales,40,202600,19,Male
3439,HR,36,174700,15,Female
3440,HR,33,137300,11,Female
3441,Engineering,36,179300,16,Female
3442,Sales,28,54000,4,Female
3443,Engineering,36,157000,12,Male
3444,HR,30,85800,7,Female
3445,HR,24,70200,4,Male
3446,Sales,34,137100,11,Male
3447,Marketing,32,97700,8,Female
3448,Marketing,23,47700,2,Female
3449,Sales,22,57900,2,Male
3450,Engineering,22,34500,0,Male
3451,Sales,39,170700,17,Male
3452,Sales,32,122500,11,Female
3453,Sales,29,106600,8,Male
3454,Engineering,31,109500,8,Female
3455,HR,37,170800,17,Male
3456,Engineering,40,186600,17,Male
3457,Sales,27,114300,6,Male
3458,Sales,25,76700,3,Male
3459,Sales,32,139800,12,Male
3460,Sales,37,177500,16,Female
3461,Engineering,23,72200,1,Male
3462,Engineering,37,161900,13,Female
3463,Sales,23,50700,2,Male
3464,Sales,28,75600,4,Female
3465,Engineering,36,149200,13,Female
3466,Marketing,26,52700,2,Male
3467,Sales,27,91400,6,Female
3468,Sales,41,191500,17,Male
3469,Marketing,32,128100,12,Female
3470,Engineering,30,118300,9,Male
3471,Engineering,34,143800,12,Male
3472,Marketing,39,153900,15,Male
3473,Sales,28,105800,8,Male
3474,Sales,24,56300,1,Female
3475,Marketing,27,64100,4,Female
3476,Marketing,40,169100,16,Male
3477,HR,26,65300,3,Female
3478,Sales,38,178500,16,Female
3479,Sales,29,106900,8,Female
3480,Sales,39,205300,19,Female
3481,Engineering,25,66700,1,Male
3482,Sales,40,184200,17,Male
3483,Engineering,41,209500,20,Male
3484,HR,32,122700,10,Female
3485,Sales,35,144500,12,Male
3486,Sales,30,95000,7,Male
3487,Engineering,22,66900,0,Male
3488,Engineering,38,209200,16,Male
3489,Engineering,33,136400,11,Male
3490,Sales,27,64300,3,Female
3491,Engineering,40,210500,20,Male
3492,Sales,36,127900,12,Female
3493,Marketing,28,95200,8,Female
3494,Marketing,28,96600,6,Female
3495,Sales,24,76200,4,Male
3496,Engineering,24,106200,4,Female
3497,Marketing,36,165100,16,Female
3498,Marketing,29,108200,8,Male
3499,Engineering,26,86000,5,Female
3500,Marketing,40,182900,18,Female
3501,Engineering,35,175900,15,Male
3502,Marketing,42,179000,20,Male
3503,HR,22,39800,1,Female
3504,Engineering,29,133400,9,Female
3505,Marketing,39,165800,15,Male
3506,Sales,25,64500,4,Female
3507,HR,35,148400,14,Male
3508,Sales,33,117300,12,Female
3509,Marketing,32,136000,12,Male
3510,Engineering,35,163600,12,Male
3511,Engineering,38,180000,14,Female
3512,Engineering,37,171700,13,Female
3513,HR,29,101300,7,Male
3514,Marketing,30,131600,10,Male
3515,Marketing,38,174100,17,Female
3516,HR,26,58800,3,Female
3517,Engineering,29,138400,9,Female
3518,Engineering,22,57900,0,Male
3519,Engineering,27,69000,4,Female
3520,Engineering,33,163200,12,Female
3521,Engineering,22,52800,0,Male
3522,Sales,31,94300,7,Female
3523,Engineering,26,80800,2,Male
3524,Engineering,25,79400,2,Female
3525,Engineering,27,93400,6,Male
3526,Engineering,26,77400,3,Male
3527,HR,22,46900,2,Male
3528,Marketing,38,143200,14,Male
3529,HR,29,66100,7,Male
3530,Sales,25,50900,2,Female
3531,Engineering,28,101300,6,Male
3532,Marketing,39,147700,17,Female
3533,Engineering,34,121300,10,Female
3534,Engineering,33,141100,10,Female
3535,Engineering,38,168900,16,Male
3536,Engineering,25,93400,5,Male
3537,Engineering,28,94500,7,Male
3538,Engineering,22,59100,0,Female
3539,Sales,33,113700,9,Male
3540,Engineering,41,189800,18,Female
3541,Engineering,25,44600,2,Female
3542,Marketing,24,55100,3,Male
3543,Engineering,30,141600,10,Female
3544,Engineering,35,182500,14,Male
3545,Marketing,22,37800,0,Female
3546,Engineering,31,118000,8,Male
3547,Engineering,32,128200,10,Male
3548,Sales,38,201300,18,Male
3549,Engineering,35,148600,12,Female
3550,Sales,36,173900,15,Female
3551,Marketing,25,66500,3,Male
3552,Engineering,22,56200,0,Male
3553,Sales,43,186800,19,Male
3554,Sales,32,158800,12,Female
3555,Engineering,22,69700,0,Male
3556,Sales,25,99700,4,Female
3557,Engineering,25,76000,4,Male
3558,Sales,37,151600,13,Female
3559,Engineering,37,151100,13,Male
3560,Sales,31,105400,7,Female
3561,Engineering,26,81900,3,Female
3562,Marketing,29,83900,6,Male
3563,Engineering,40,204700,19,Female
3564,Sales,39,209900,18,Female
3565,Sales,38,155600,14,Male
3566,Marketing,26,42000,3,Male
3567,Sales,40,183600,18,Female
3568,Sales,31,98000,8,Female
3569,Marketing,41,190800,20,Female
3570,Marketing,35,143100,12,Female
3571,Engineering,34,167900,13,Male
3572,Sales,37,140600,13,Male
3573,Marketing,33,106500,9,Male
3574,HR,39,153000,15,Male
3575,Marketing,26,87200,4,Male
3576,Engineering,27,104200,5,Male
3577,Engineering,22,69800,1,Female
3578,Sales,32,130700,12,Female
3579,Marketing,34,118900,12,Female
3580,Sales,39,201300,18,Male
3581,Sales,40,200200,17,Female
3582,Marketing,42,166400,18,Male
3583,Engineering,24,77400,0,Male
3584,Marketing,31,94900,7,Female
3585,Sales,36,166700,15,Male
3586,Engineering,25,49800,1,Female
3587,Sales,29,83300,7,Male
3588,Marketing,28,57400,5,Male
3589,Engineering,39,185300,15,Male
3590,Engineering,31,134200,10,Female
3591,HR,39,172600,16,Male
3592,Engineering,42,210300,18,Female
3593,Sales,30,124000,10,Female
3594,Sales,31,117900,7,Female
3595,Sales,25,60700,3,Male
3596,Sales,33,120800,10,Male
3597,Engineering,29,102000,7,Female
3598,Sales,28,117400,8,Female
3599,Engineering,22,74100,1,Female
3600,Sales,37,160500,15,Male
3601,Engineering,28,81100,5,Male
3602,Sales,40,217300,20,Male
3603,Engineering,40,206200,20,Female
3604,Engineering,42,195000,18,Male
3605,Engineering,28,100300,7,Female
3606,Engineering,33,161900,13,Female
3607,Marketing,38,152300,15,Male
3608,Engineering,34,150000,11,Male
3609,HR,28,66400,4,Female
3610,HR,41,189400,18,Male
3611,Sales,41,171800,17,Male
3612,Engineering,28,131300,8,Male
3613,Engineering,22,58000,1,Male
3614,Marketing,39,192900,19,Female
3615,Engineering,31,131100,11,Male
3616,Engineering,22,62800,1,Male
3617,Sales,30,105500,9,Female
3618,Marketing,22,39600,0,Male
3619,Marketing,26,54400,3,Male
3620,Engineering,35,141400,11,Female
3621,Sales,30,113700,8,Female
3622,Engineering,27,65300,3,Male
3623,Engineering,30,118600,8,Male
3624,Marketing,27,84100,5,Female
3625,Engineering,22,59000,0,Female
3626,Engineering,31,146200,9,Male
3627,Engineering,33,151600,13,Male
3628,Marketing,38,176000,17,Male
3629,Marketing,28,97500,5,Female
3630,Sales,39,167300,17,Male
3631,Marketing,42,169000,19,Female
3632,Engineering,35,180400,15,Female
3633,Sales,36,167400,14,Female
3634,Engineering,39,153900,15,Female
3635,Engineering,28,107800,7,Male
3636,Sales,33,130800,12,Male
3637,HR,32,123100,10,Male
3638,Engineering,27,102700,6,Male
3639,Engineering,40,196100,16,Male
3640,Engineering,40,177600,17,Male
3641,Engineering,42,202900,18,Female
3642,HR,33,142200,12,Female
3643,Sales,37,157500,14,Female
3644,Sales,24,30000,0,Male
3645,Marketing,35,164200,15,Female
3646,Engineering,24,79700,4,Male
3647,Sales,25,43600,2,Male
3648,Sales,32,120700,9,Female
3649,Sales,41,196700,18,Male
3650,HR,24,65800,4,Female
3651,Marketing,30,96300,6,Male
3652,Engineering,36,167400,13,Male
3653,Marketing,22,55800,2,Male
3654,Engineering,35,157000,12,Female
3655,Engineering,35,160800,12,Male
3656,Engineering,32,132300,9,Female
3657,Engineering,22,40100,1,Male
3658,Sales,29,59800,5,Male
3659,Sales,27,111700,7,Female
3660,HR,23,57100,3,Male
3661,Sales,34,128000,11,Male
3662,Sales,36,175900,14,Male
3663,Engineering,29,103700,7,Female
3664,Engineering,28,101600,6,Male
3665,Sales,33,149100,13,Male
3666,Sales,41,186900,18,Male
3667,Marketing,35,157400,13,Male
3668,Engineering,33,147300,12,Male
3669,Engineering,41,222200,20,Male
3670,Sales,22,45700,0,Male
3671,Engineering,42,208700,18,Male
3672,Engineering,23,41300,0,Female
3673,Marketing,23,41500,3,Male
3674,Engineering,29,127300,9,Male
3675,Sales,25,52500,2,Male
3676,Engineering,43,221600,19,Male
3677,Engineering,31,118200,8,Female
3678,Engineering,26,73200,2,Male
3679,Marketing,27,76900,5,Male
3680,Engineering,27,88500,5,Male
3681,Marketing,35,128600,11,Male
3682,Engineering,23,65100,0,Female
3683,Marketing,37,156900,15,Male
3684,Engineering,27,83200,4,Male
3685,Sales,30,117000,8,Male
3686,Sales,32,100200,9,Female
3687,HR,35,147900,12,Male
3688,Engineering,35,158900,14,Male
3689,Engineering,35,152400,11,Male
3690,Engineering,24,89900,4,Male
3691,Marketing,28,51200,4,Male
3692,Sales,40,181100,17,Male
3693,Marketing,34,141100,11,Female
3694,Engineering,26,68000,2,Female
3695,Engineering,29,100900,6,Female
3696,Engineering,38,175300,16,Male
3697,HR,41,196000,18,Female
3698,Sales,41,176400,17,Female
3699,HR,24,57900,0,Female
3700,Engineering,28,98600,4,Female
3701,Sales,22,66300,1,Female
3702,Sales,22,45800,0,Male
3703,Engineering,27,98100,6,Male
3704,Marketing,31,124800,10,Male
3705,HR,31,135500,10,Male
3706,Marketing,38,193700,17,Male
3707,Marketing,37,149400,16,Male
3708,Engineering,25,90000,1,Female
3709,Engineering,26,105500,6,Female
3710,HR,27,95800,6,Male
3711,Engineering,33,118000,9,Male
3712,Marketing,40,190400,20,Female
3713,Marketing,23,41600,2,Female
3714,Sales,31,150000,11,Male
3715,HR,22,49100,2,Male
3716,Engineering,32,134100,10,Male
3717,Engineering,34,140000,11,Male
3718,Engineering,25,68800,3,Female
3719,Sales,35,163000,15,Female
3720,Engineering,43,207900,19,Male
3721,Engineering,38,203500,17,Female
3722,Marketing,26,53400,3,Female
3723,HR,26,74200,5,Female
3724,Engineering,44,220500,20,Female
3725,Engineering,37,167500,14,Male
3726,HR,22,40600,0,Male
3727,Engineering,22,61300,2,Male
3728,Engineering,28,94800,4,Female
3729,Engineering,36,197100,16,Female
3730,Sales,33,162200,13,Female
3731,Engineering,29,117100,8,Male
3732,HR,26,30200,2,Male
3733,Sales,32,143300,12,Female
3734,Sales,24,62000,2,Female
3735,Engineering,33,124800,10,Male
3736,Sales,25,44800,1,Male
3737,Sales,35,147000,14,Female
3738,Marketing,36,138700,12,Female
3739,Marketing,39,175800,18,Male
3740,Sales,38,166700,15,Male
3741,HR,39,199800,17,Female
3742,Marketing,26,86100,6,Female
3743,Marketing,36,124400,12,Male
3744,Engineering,24,64500,3,Male
3745,Engineering,31,122300,8,Male
3746,Engineering,29,147000,9,Male
3747,Sales,31,100000,8,Male
3748,Sales,28,71500,6,Female
3749,Sales,34,174100,14,Male
3750,Marketing,27,121200,7,Female
3751,Marketing,38,191600,18,Male
3752,HR,31,124300,10,Male
3753,Engineering,24,87700,4,Male
3754,Sales,24,59800,1,Male
3755,Engineering,30,133300,9,Male
3756,Engineering,35,177800,15,Female
3757,Engineering,35,141500,12,Male
3758,Engineering,30,113800,7,Male
3759,Sales,32,108000,8,Female
3760,Marketing,33,112000,10,Female
3761,Engineering,32,137800,10,Male
3762,Marketing,35,155100,15,Male
3763,Sales,29,117700,9,Female
3764,Engineering,31,147600,11,Male
3765,Sales,28,91000,5,Female
3766,Engineering,34,138400,11,Male
3767,Sales,29,121500,9,Female
3768,Sales,38,187800,17,Male
3769,Engineering,38,200700,17,Female
3770,Engineering,25,82000,3,Male
3771,Sales,32,115100,8,Female
3772,HR,28,83800,6,Male
3773,Engineering,37,216800,17,Male
3774,Marketing,27,95400,7,Male
3775,Sales,30,136200,10,Female
3776,HR,30,83100,6,Male
3777,Marketing,31,107700,8,Male
3778,Sales,31,104400,7,Male
3779,Sales,24,66300,2,Female
3780,Marketing,39,159500,16,Male
3781,Engineering,24,66900,1,Male
3782,Engineering,36,162200,14,Female
3783,Engineering,36,167200,13,Female
3784,Marketing,38,167200,17,Male
3785,Marketing,37,163100,15,Female
3786,Engineering,41,206700,19,Male
3787,Sales,24,87500,3,Male
3788,Sales,43,208200,19,Female
3789,Engineering,29,108700,5,Female
3790,HR,29,72300,5,Male
3791,Engineering,33,131200,10,Male
3792,Engineering,37,183000,16,Male
3793,Sales,24,72400,2,Female
3794,Marketing,34,139800,12,Female
3795,Engineering,24,63500,2,Male
3796,Sales,38,157900,15,Female
3797,Sales,37,168900,14,Male
3798,Engineering,34,139100,10,Female
3799,Engineering,40,191500,17,Male
3800,Sales,38,156700,14,Female
3801,Engineering,28,96000,4,Male
3802,HR,37,149500,15,Female
3803,Marketing,38,160500,15,Male
3804,HR,40,169100,16,Male
3805,Engineering,29,106500,8,Female
3806,HR,23,53900,2,Male
3807,Sales,42,219900,19,Male
3808,Engineering,34,142600,12,Male
3809,Engineering,24,72300,2,Female
3810,Engineering,30,82200,6,Male
3811,Sales,28,83600,5,Male
3812,Sales,29,98300,8,Male
3813,Engineering,35,139500,11,Female
3814,Sales,38,161300,14,Male
3815,Engineering,40,203700,20,Male
3816,Sales,42,199400,19,Female
3817,Engineering,26,63200,2,Male
3818,Marketing,30,98600,9,Male
3819,Marketing,22,49800,0,Female
3820,Sales,39,179400,18,Male
3821,Engineering,40,194800,18,Female
3822,Engineering,32,145300,12,Female
3823,Marketing,31,130200,11,Male
3824,Engineering,24,55300,0,Male
3825,Engineering,40,197300,18,Female
3826,Engineering,39,167900,15,Female
3827,Sales,37,154300,14,Male
3828,Sales,36,167900,15,Male
3829,Marketing,31,121200,10,Female
3830,Engineering,29,106200,5,Male
3831,Engineering,31,142600,10,Male
3832,Marketing,23,67100,2,Female
3833,Marketing,37,165500,14,Male
3834,Engineering,22,56900,0,Female
3835,Sales,26,101500,6,Female
3836,Engineering,24,58400,0,Male
3837,HR,40,181300,16,Female
3838,Engineering,31,101500,8,Male
3839,HR,35,132800,12,Male
3840,Sales,30,129100,10,Male
3841,Sales,41,202700,19,Female
3842,Engineering,29,94800,5,Female
3843,Sales,23,30000,0,Female
3844,Sales,30,91200,6,Female
3845,Engineering,32,151200,11,Male
3846,Sales,43,193800,19,Female
3847,HR,40,184900,18,Male
3848,Sales,38,192200,16,Male
3849,Marketing,27,62100,3,Male
3850,Engineering,23,69400,2,Female
3851,Sales,22,46900,0,Male
3852,Engineering,40,193400,17,Male
3853,Sales,44,206300,20,Male
3854,HR,35,155900,14,Male
3855,Sales,30,89100,7,Female
3856,Engineering,24,53800,0,Female
3857,Engineering,40,194700,19,Female
3858,Sales,36,149600,13,Female
3859,Sales,25,75000,3,Female
3860,Marketing,28,70600,4,Female
3861,Marketing,36,126500,12,Female
3862,Sales,36,152700,14,Male
3863,Engineering,25,113000,5,Male
3864,Engineering,23,69500,0,Male
3865,Engineering,40,193600,18,Male
3866,Engineering,36,145500,12,Male
3867,Sales,28,83900,5,Female
3868,Sales,37,169400,14,Female
3869,Sales,35,147500,15,Male
3870,Engineering,39,169400,15,Male
3871,Engineering,30,131100,9,Female
3872,Engineering,28,122000,8,Male
3873,Engineering,28,114700,8,Male
3874,Marketing,37,165500,16,Female
3875,Engineering,37,186300,16,Male
3876,Sales,36,168900,16,Female
3877,Engineering,34,132400,11,Female
3878,Marketing,34,134100,12,Female
3879,Sales,33,134900,11,Male
3880,Engineering,33,137800,13,Male
3881,Sales,32,120900,9,Male
3882,Marketing,39,193700,18,Male
3883,HR,22,44400,1,Male
3884,Engineering,27,75600,3,Female
3885,Marketing,41,176600,18,Female
3886,HR,30,86500,6,Female
3887,HR,38,146400,14,Male
3888,Sales,34,171500,14,Female
3889,Sales,28,86200,5,Male
3890,Sales,26,39500,2,Male
3891,Marketing,28,85700,5,Female
3892,Sales,37,182200,15,Male
3893,Sales,25,58100,1,Male
3894,Sales,30,104900,6,Female
3895,Marketing,33,126800,10,Male
3896,Marketing,28,97900,6,Female
3897,Engineering,27,88400,3,Male
3898,Marketing,39,201500,19,Female
3899,Sales,29,96200,6,Male
3900,Marketing,26,46800,3,Male
3901,Sales,35,122100,11,Male
3902,Engineering,26,76300,4,Female
3903,HR,42,158700,18,Female
3904,Engineering,25,82700,4,Female
3905,Marketing,42,198200,18,Female
3906,Sales,41,190600,20,Female
3907,Sales,22,68300,2,Male
3908,Engineering,33,140300,10,Female
3909,Sales,29,95300,6,Male
3910,Engineering,38,194800,16,Male
3911,Engineering,32,118600,8,Male
3912,Engineering,40,230200,20,Male
3913,Engineering,29,117000,8,Female
3914,HR,31,115400,9,Male
3915,HR,32,134600,12,Female
3916,Engineering,34,157800,14,Female
3917,Marketing,25,58500,4,Male
3918,Engineering,23,76800,2,Female
3919,Sales,30,114500,7,Female
3920,Marketing,43,194400,19,Male
3921,HR,31,117100,9,Female
3922,Sales,36,125500,12,Male
3923,Marketing,24,59900,2,Male
3924,Engineering,27,90200,7,Male
3925,HR,29,92000,8,Male
3926,Engineering,41,228300,20,Male
3927,Sales,31,133100,11,Male
3928,Sales,30,126100,10,Male
3929,Sales,23,58500,1,Female
3930,Engineering,37,199000,17,Female
3931,HR,30,101300,8,Male
3932,Engineering,25,65900,1,Male
3933,Sales,22,52300,1,Male
3934,Engineering,23,55700,2,Female
3935,Engineering,36,171500,15,Male
3936,Sales,42,193100,18,Male
3937,Sales,27,65200,3,Male
3938,Engineering,40,187200,17,Female
3939,Engineering,41,214800,19,Male
3940,Sales,39,182600,17,Male
3941,Marketing,32,115500,9,Female
3942,Marketing,31,103800,10,Female
3943,Engineering,38,187500,16,Female
3944,Engineering,41,195900,19,Male
3945,Engineering,36,174800,15,Female
3946,Engineering,39,196400,19,Male
3947,Sales,32,150300,12,Male
3948,Sales,24,71300,1,Male
3949,Engineering,25,61500,1,Male
3950,Engineering,35,157400,13,Male
3951,Engineering,25,89300,3,Male
3952,Marketing,39,173700,16,Male
3953,HR,35,135300,12,Male
3954,Engineering,25,82700,3,Female
3955,Engineering,23,91300,2,Male
3956,Marketing,32,121300,11,Female
3957,HR,31,90100,7,Male
3958,Sales,23,60900,1,Male
3959,Engineering,27,116100,5,Male
3960,Engineering,31,128800,9,Female
3961,Sales,33,115900,11,Female
3962,Engineering,43,218900,20,Female
3963,Engineering,29,121800,9,Male
3964,Sales,31,121800,9,Male
3965,Engineering,22,57400,2,Female
3966,Marketing,40,177200,19,Female
3967,Engineering,33,124000,9,Female
3968,Engineering,29,135500,8,Male
3969,Sales,41,183300,19,Female
3970,Engineering,39,195800,18,Male
3971,HR,36,129400,13,Male
3972,Sales,22,55900,1,Male
3973,Engineering,26,89200,4,Female
3974,Marketing,42,177800,19,Female
3975,Engineering,27,123900,7,Male
3976,HR,29,68800,6,Male
3977,Engineering,26,110800,5,Male
3978,Sales,32,138700,10,Male
3979,Engineering,32,146100,11,Male
3980,Sales,41,190000,17,Male
3981,Marketing,40,182200,18,Female
3982,Marketing,30,96600,9,Male
3983,Engineering,42,217400,20,Male
3984,Engineering,33,143300,13,Female
3985,Marketing,24,55900,2,Male
3986,HR,39,163600,17,Female
3987,Engineering,34,176800,14,Male
3988,Sales,26,88800,5,Female
3989,Engineering,31,133800,9,Male
3990,Marketing,34,131400,11,Female
3991,Engineering,28,121800,6,Male
3992,Engineering,37,193200,16,Female
3993,Marketing,22,57000,0,Male
3994,Engineering,38,182000,17,Male
3995,Sales,38,151600,14,Male
3996,Sales,40,164800,18,Female
3997,Engineering,22,51100,0,Female
3998,Engineering,24,86600,4,Male
3999,Sales,36,161300,14,Male
4000,Engineering,25,65700,2,Male
4001,Sales,23,52400,0,Male
4002,Marketing,28,102700,7,Male
4003,Marketing,31,123300,11,Female
4004,Engineering,42,189400,18,Female
4005,Engineering,32,143700,11,Female
4006,Engineering,32,152000,12,Male
4007,Engineering,22,48900,0,Female
4008,Sales,39,186400,18,Male
4009,Sales,26,70800,5,Male
4010,Engineering,29,117800,7,Male
4011,Engineering,27,85900,3,Male
4012,Engineering,27,87500,4,Female
4013,Sales,28,100700,6,Male
4014,Engineering,23,80300,3,Female
4015,Sales,43,213200,19,Female
4016,Engineering,27,66000,3,Male
4017,Marketing,35,154000,14,Male
4018,Marketing,44,209000,20,Male
4019,Engineering,28,101900,4,Male
4020,Engineering,28,126900,8,Female
4021,Sales,23,42600,1,Female
4022,Engineering,30,86400,6,Male
4023,Sales,37,171300,16,Female
4024,Marketing,37,163600,15,Male
4025,Sales,37,182400,16,Male
4026,Marketing,43,181000,19,Male
4027,Engineering,23,69100,1,Male
4028,Engineering,34,108200,10,Male
4029,Marketing,22,40600,1,Male
4030,Engineering,22,63600,0,Male
4031,Sales,22,41100,1,Male
4032,Engineering,28,108000,8,Male
4033,Engineering,24,57700,1,Male
4034,HR,35,153800,14,Male
4035,Engineering,33,115800,9,Female
4036,HR,35,151700,14,Female
4037,HR,32,107700,9,Male
4038,Marketing,37,179600,16,Male
4039,Sales,28,104200,8,Female
4040,Sales,38,181300,17,Male
4041,Marketing,25,65700,3,Female
4042,Engineering,31,114800,8,Male
4043,Sales,36,172700,15,Male
4044,Sales,26,78800,3,Male
4045,Sales,35,160100,15,Male
4046,Sales,40,191900,18,Female
4047,Engineering,24,45700,0,Male
4048,Sales,26,90600,5,Female
4049,Marketing,29,114300,9,Male
4050,Engineering,38,171400,15,Female
4051,HR,26,67300,3,Male
4052,Sales,32,146900,12,Male
4053,Marketing,36,172300,15,Female
4054,Sales,43,201000,19,Male
4055,Marketing,26,88900,5,Female
4056,Engineering,32,154000,10,Male
4057,Marketing,23,45700,2,Female
4058,Engineering,41,218700,19,Male
4059,Marketing,32,103200,9,Female
4060,HR,22,32900,0,Female
4061,Engineering,43,206900,19,Female
4062,Engineering,30,128500,10,Male
4063,Marketing,33,119900,11,Female
4064,Engineering,34,158400,13,Female
4065,Marketing,29,92700,7,Female
4066,Engineering,33,128300,10,Female
4067,Engineering,25,69500,3,Male
4068,HR,30,102300,6,Male
4069,Sales,31,105000,9,Female
4070,Marketing,42,182300,18,Female
4071,Engineering,24,90200,3,Male
4072,Sales,24,61100,1,Male
4073,Sales,40,207300,20,Female
4074,Sales,38,174800,17,Male
4075,Sales,34,148800,13,Male
4076,Sales,35,153800,15,Female
4077,Sales,32,122100,10,Female
4078,Engineering,31,124000,9,Female
4079,Marketing,38,166000,16,Male
4080,Engineering,36,151100,13,Male
4081,Sales,24,52000,3,Female
4082,Engineering,42,211500,18,Male
4083,Sales,22,63300,1,Male
4084,Marketing,27,96700,6,Female
4085,Engineering,30,122800,8,Female
4086,Engineering,38,200700,18,Male
4087,Engineering,39,168100,15,Male
4088,Sales,36,159100,15,Male
4089,Marketing,38,190600,17,Male
4090,Engineering,43,231800,20,Male
4091,Marketing,41,198200,20,Male
4092,Engineering,31,135000,10,Male
4093,Sales,30,100300,6,Female
4094,HR,32,104900,8,Male
4095,Engineering,23,80700,3,Female
4096,Sales,34,140400,12,Female
4097,Engineering,27,69600,3,Female
4098,Engineering,38,195300,18,Female
4099,Engineering,22,61700,1,Female
4100,Engineering,28,93800,8,Female
4101,Sales,31,133900,11,Male
4102,Sales,22,76200,1,Female
4103,Sales,25,80700,5,Male
4104,Engineering,28,87300,4,Female
4105,Engineering,26,78600,4,Male
4106,Sales,39,186100,19,Male
4107,HR,27,68900,4,Female
4108,Engineering,24,85300,3,Male
4109,Marketing,29,101700,8,Female
4110,Sales,30,113300,9,Female
4111,Sales,36,170000,15,Female
4112,Sales,30,119000,9,Male
4113,Engineering,29,129800,9,Male
4114,Engineering,40,210900,18,Female
4115,Sales,32,127600,9,Female
4116,Engineering,29,110000,5,Female
4117,HR,39,155900,16,Female
4118,Sales,28,85600,4,Female
4119,Engineering,29,111500,5,Male
4120,Marketing,37,135700,14,Female
4121,Engineering,38,198800,18,Male
4122,Sales,38,175600,17,Male
4123,Sales,23,68800,3,Female
4124,HR,28,107500,7,Male
4125,Marketing,37,146000,15,Female
4126,Sales,42,191400,18,Male
4127,Sales,42,191400,19,Male
4128,HR,24,67800,2,Male
4129,Engineering,30,131200,9,Female
4130,Engineering,22,61400,1,Male
4131,Engineering,26,71800,3,Female
4132,Engineering,29,121600,5,Female
4133,Sales,32,127800,10,Male
4134,Sales,37,134800,13,Female
4135,Sales,36,156900,15,Female
4136,Engineering,44,219100,20,Female
4137,Marketing,38,176700,18,Female
4138,Engineering,23,56900,1,Male
4139,Sales,38,182900,16,Male
4140,Sales,28,118000,8,Female
4141,Engineering,40,177300,16,Male
4142,Engineering,34,178700,14,Female
4143,Engineering,29,95900,6,Male
4144,Marketing,38,200900,18,Male
4145,HR,26,61400,2,Female
4146,Sales,22,47900,0,Male
4147,Engineering,24,75200,3,Male
4148,Sales,37,174900,17,Female
4149,Marketing,27,72700,7,Male
4150,Marketing,42,181100,18,Male
4151,Engineering,28,94900,5,Male
4152,Engineering,23,36700,0,Male
4153,Marketing,31,104200,7,Male
4154,Engineering,24,53400,0,Female
4155,Engineering,42,211100,18,Female
4156,Engineering,31,128200,10,Female
4157,Sales,42,217400,20,Male
4158,Marketing,34,147500,14,Female
4159,HR,34,119500,10,Female
4160,Sales,42,191200,18,Male
4161,Sales,44,204600,20,Male
4162,Engineering,32,130000,9,Female
4163,Sales,35,113800,11,Female
4164,Engineering,22,53600,0,Male
4165,Sales,30,92200,6,Male
4166,Engineering,36,163100,16,Male
4167,Engineering,30,133400,9,Male
4168,Engineering,27,85900,5,Male
4169,Engineering,39,192400,16,Male
4170,Engineering,37,191900,17,Female
4171,Engineering,25,81300,4,Female
4172,HR,39,186000,17,Female
4173,Sales,38,189600,16,Female
4174,Sales,37,165400,15,Male
4175,Marketing,27,109700,7,Male
4176,HR,33,134200,12,Male
4177,Sales,39,174600,15,Male
4178,Marketing,31,116300,10,Female
4179,Engineering,26,113300,5,Female
4180,Engineering,23,81800,2,Male
4181,Sales,22,49700,0,Male
4182,Sales,37,155700,17,Male
4183,Sales,24,81500,4,Male
4184,Engineering,33,138700,12,Male
4185,Engineering,29,130500,9,Male
4186,Sales,26,89800,4,Male
4187,Engineering,33,165900,13,Male
4188,Sales,39,181600,16,Female
4189,Sales,22,41300,0,Female
4190,Marketing,22,32800,1,Female
4191,Marketing,26,80300,6,Male
4192,Marketing,29,108700,9,Female
4193,Sales,42,196900,19,Female
4194,Marketing,30,100700,6,Male
4195,Sales,35,172300,15,Male
4196,Engineering,26,109200,4,Male
4197,Engineering,34,133000,11,Male
4198,Engineering,40,194600,16,Male
4199,Sales,35,173800,15,Female
4200,Sales,43,195800,19,Male
4201,Marketing,37,150400,15,Male
4202,Engineering,41,192800,18,Male
4203,Engineering,37,160400,14,Male
4204,HR,35,145100,11,Female
4205,Engineering,40,223300,20,Female
4206,Sales,30,125700,9,Male
4207,Sales,24,53900,1,Male
4208,Sales,27,90700,6,Female
4209,Engineering,35,154400,12,Male
4210,Engineering,22,72000,2,Female
4211,Engineering,34,166000,14,Female
4212,Sales,23,48700,0,Female
4213,Sales,26,50300,2,Male
4214,Engineering,29,129700,9,Female
4215,Sales,34,155900,14,Female
4216,Marketing,27,72900,5,Female
4217,Engineering,39,213400,19,Male
4218,Sales,36,175000,14,Female
4219,Sales,40,217800,20,Female
4220,Engineering,26,100200,6,Female
4221,Engineering,44,221600,20,Male
4222,Sales,28,85400,4,Female
4223,Marketing,23,65200,3,Female
4224,Marketing,40,175800,17,Male
4225,Sales,25,64400,2,Male
4226,Marketing,36,193100,16,Female
4227,Engineering,40,193600,17,Female
4228,Sales,37,168300,17,Female
4229,Sales,25,42500,1,Male
4230,Engineering,33,149300,12,Male
4231,Marketing,36,139500,14,Male
4232,Sales,27,75700,4,Female
4233,Engineering,25,93300,2,Male
4234,HR,28,66900,4,Female
4235,Engineering,27,76100,4,Female
4236,Engineering,24,84900,4,Female
4237,Engineering,22,70000,2,Male
4238,Marketing,23,46100,2,Female
4239,Marketing,40,179600,19,Female
4240,Engineering,38,204600,17,Female
4241,Sales,39,202000,19,Male
4242,Engineering,24,74200,3,Male
4243,Marketing,22,30000,0,Female
4244,Sales,35,159800,15,Male
4245,Sales,31,88700,7,Female
4246,HR,39,162200,16,Female
4247,Engineering,29,131700,7,Female
4248,Engineering,26,105400,6,Male
4249,Sales,27,94800,7,Female
4250,HR,42,206800,20,Male
4251,Engineering,33,133700,11,Male
4252,Engineering,36,170900,15,Male
4253,Engineering,33,124500,11,Female
4254,Sales,41,201700,18,Female
4255,Engineering,32,125000,9,Male
4256,Sales,29,84800,6,Male
4257,HR,34,134500,11,Female
4258,Sales,42,186500,19,Female
4259,Engineering,25,77100,4,Female
4260,Sales,35,161200,15,Female
4261,Engineering,30,107000,8,Female
4262,Marketing,26,81500,6,Male
4263,Sales,41,195000,19,Male
4264,Engineering,34,157900,13,Female
4265,Sales,31,111800,10,Female
4266,Sales,30,90600,6,Male
4267,Sales,33,122800,9,Female
4268,Engineering,29,126500,8,Male
4269,Marketing,24,59000,3,Female
4270,HR,37,158100,15,Female
4271,Sales,30,114500,9,Male
4272,HR,38,170100,18,Male
4273,Engineering,38,177600,16,Male
4274,Sales,29,117000,8,Female
4275,Sales,34,149100,12,Female
4276,Sales,22,49100,0,Female
4277,Sales,24,30000,1,Male
4278,Engineering,36,143200,12,Male
4279,Engineering,30,123700,8,Male
4280,Engineering,28,120100,6,Male
4281,Engineering,38,174900,15,Male
4282,Marketing,39,185000,18,Male
4283,Engineering,28,101900,6,Male
4284,Engineering,28,81900,5,Female
4285,Sales,37,184500,17,Female
4286,Sales,41,173800,18,Male
4287,Marketing,34,119100,10,Female
4288,Sales,35,133900,11,Male
4289,Engineering,30,127500,9,Male
4290,Marketing,33,123000,12,Female
4291,Sales,35,125900,11,Male
4292,Engineering,44,221900,20,Male
4293,Sales,31,117700,9,Male
4294,HR,43,185000,19,Male
4295,Engineering,38,180300,17,Female
4296,Engineering,27,87000,3,Male
4297,Engineering,25,87300,4,Male
4298,Engineering,24,75700,4,Female
4299,Sales,35,131100,11,Male
4300,Sales,23,52900,2,Male
4301,Engineering,30,114000,7,Female
4302,HR,23,60500,1,Male
4303,Marketing,38,165200,17,Female
4304,Sales,32,110600,8,Female
4305,Marketing,36,137400,12,Male
4306,Engineering,26,81600,6,Male
4307,Sales,32,125300,9,Male
4308,Sales,29,130000,8,Female
4309,Marketing,37,153400,14,Male
4310,Marketing,24,85600,4,Female
4311,Engineering,33,130500,11,Female
4312,HR,23,32800,0,Female
4313,Engineering,31,143700,11,Female
4314,Marketing,26,71500,5,Female
4315,HR,40,184400,18,Female
4316,Engineering,42,209000,18,Male
4317,Marketing,35,151200,15,Female
4318,Engineering,42,209500,18,Female
4319,Sales,24,41800,2,Male
4320,Sales,29,111300,9,Male
4321,Sales,37,179000,17,Female
4322,HR,34,126700,12,Male
4323,Sales,38,175500,17,Male
4324,Sales,22,75000,2,Male
4325,Marketing,24,68400,2,Female
4326,HR,34,135200,11,Male
4327,Engineering,43,217400,19,Female
4328,HR,26,81800,6,Male
4329,Engineering,30,98800,7,Male
4330,Marketing,28,95900,8,Male
4331,Engineering,34,152400,13,Female
4332,Engineering,26,80900,4,Female
4333,Sales,40,210300,20,Female
4334,Sales,40,192200,18,Female
4335,Engineering,40,213200,20,Male
4336,Engineering,36,173900,15,Female
4337,Sales,32,143900,11,Male
4338,HR,43,187100,20,Male
4339,Engineering,24,86900,3,Female
4340,Engineering,29,89900,7,Female
4341,Sales,27,87300,6,Male
4342,Engineering,34,182100,14,Female
4343,Marketing,26,83000,5,Female
4344,Marketing,26,67300,4,Male
4345,Sales,33,158200,13,Male
4346,Engineering,43,221000,20,Female
4347,Marketing,35,141500,12,Female
4348,Sales,32,115000,9,Male
4349,Marketing,37,185600,17,Female
4350,Sales,26,62600,3,Female
4351,Marketing,28,89100,7,Male
4352,Sales,30,143700,10,Female
4353,Sales,36,168000,16,Male
4354,HR,37,155700,17,Female
4355,Sales,44,215600,20,Female
4356,Sales,32,138600,10,Female
4357,Engineering,39,172600,15,Female
4358,Sales,35,112100,11,Female
4359,Sales,36,140400,12,Female
4360,Engineering,37,195700,15,Male
4361,Engineering,44,217000,20,Female
4362,Sales,23,52700,0,Male
4363,Marketing,35,168300,15,Male
4364,Sales,34,166700,14,Female
4365,Engineering,26,113600,5,Male
4366,Sales,34,143800,11,Male
4367,Engineering,29,110200,7,Female
4368,Sales,26,81800,6,Male
4369,Engineering,25,67300,1,Female
4370,Engineering,32,141100,11,Male
4371,Engineering,41,222200,20,Female
4372,Engineering,33,150400,13,Male
4373,Engineering,38,172000,15,Female
4374,Engineering,31,135100,10,Male
4375,Sales,39,187600,19,Female
4376,Sales,31,109400,8,Male
4377,Engineering,29,134900,9,Male
4378,Marketing,36,187100,16,Male
4379,Engineering,34,135600,11,Female
4380,Sales,28,94100,5,Female
4381,Engineering,41,179200,18,Male
4382,Engineering,30,134900,10,Female
4383,Sales,29,109700,8,Female
4384,Sales,42,213100,20,Male
4385,Marketing,27,74800,5,Male
4386,Sales,35,167400,15,Male
4387,HR,39,203100,19,Male
4388,Engineering,36,163700,15,Male
4389,Engineering,28,75400,5,Male
4390,Engineering,24,97800,4,Male
4391,Engineering,44,205000,20,Female
4392,Sales,26,73600,3,Female
4393,Sales,22,72500,1,Female
4394,Engineering,29,103400,5,Female
4395,HR,29,94300,8,Male
4396,Marketing,40,153400,16,Male
4397,Engineering,33,151200,13,Male
4398,Engineering,28,104700,6,Female
4399,Engineering,38,196500,18,Female
4400,Engineering,22,68600,0,Male
4401,Engineering,40,213700,19,Male
4402,Sales,35,149700,14,Female
4403,Engineering,40,199500,17,Female
4404,Engineering,25,86100,2,Male
4405,HR,39,172800,17,Male
4406,Sales,23,57800,1,Female
4407,HR,30,103300,9,Male
4408,Engineering,34,133600,10,Female
4409,Engineering,24,62100,2,Female
4410,Sales,28,105400,6,Female
4411,Engineering,31,106000,7,Male
4412,Engineering,41,203400,18,Male
4413,Sales,40,187400,17,Male
4414,Sales,34,172100,12,Female
4415,Sales,35,138300,12,Female
4416,Sales,41,181200,18,Female
4417,Sales,34,132300,11,Male
4418,Engineering,37,174500,16,Female
4419,Engineering,31,138100,11,Male
4420,Engineering,34,158300,12,Male
4421,Engineering,33,136300,11,Male
4422,HR,39,189600,18,Male
4423,Sales,33,155000,13,Female
4424,Marketing,26,90500,6,Male
4425,Engineering,33,157700,12,Male
4426,Engineering,29,92100,5,Male
4427,Engineering,42,179000,18,Male
4428,Engineering,38,199600,18,Male
4429,Engineering,27,79800,3,Female
4430,Marketing,42,180300,18,Female
4431,Sales,32,115500,8,Male
4432,Sales,35,172600,15,Female
4433,Sales,27,71200,3,Male
4434,HR,27,81000,5,Male
4435,Engineering,27,123200,7,Female
4436,Engineering,36,164300,15,Male
4437,Engineering,28,83700,4,Male
4438,Marketing,43,210000,20,Male
4439,HR,29,117400,9,Male
4440,Engineering,33,148600,12,Male
4441,Marketing,35,147900,13,Male
4442,Marketing,27,82500,6,Male
4443,Engineering,43,208600,19,Female
4444,Engineering,28,101900,5,Male
4445,Sales,30,105900,6,Male
4446,HR,25,78600,4,Male
4447,Engineering,40,228600,20,Female
4448,Marketing,40,161600,17,Male
4449,Engineering,34,120900,11,Female
4450,Marketing,26,58200,5,Male
4451,Sales,24,56200,0,Female
4452,Sales,24,75000,3,Male
4453,Marketing,41,176800,18,Male
4454,Marketing,32,124200,11,Male
4455,Marketing,37,155400,14,Female
4456,Engineering,26,63800,2,Female
4457,Sales,39,188800,19,Male
4458,Engineering,27,104500,7,Male
4459,Sales,31,117600,10,Female
4460,Sales,38,165400,15,Female
4461,Sales,28,125600,8,Female
4462,Sales,25,50900,2,Female
4463,HR,28,71300,4,Male
4464,Engineering,40,211600,19,Male
4465,Sales,36,154400,13,Female
4466,Engineering,35,161900,14,Female
4467,Engineering,28,101200,5,Female
4468,Engineering,26,83200,3,Female
4469,HR,31,91500,7,Female
4470,Marketing,39,170500,18,Female
4471,HR,26,60600,4,Female
4472,HR,35,143500,12,Female
4473,Engineering,38,189300,15,Male
4474,Engineering,22,55000,0,Female
4475,Sales,33,155000,12,Female
4476,Sales,32,124500,10,Male
4477,Sales,44,193600,20,Female
4478,Engineering,29,108900,7,Male
4479,Sales,31,115900,7,Female
4480,Sales,35,143000,13,Female
4481,Engineering,34,149600,12,Female
4482,Sales,23,72900,2,Female
4483,Sales,23,80200,3,Male
4484,Sales,41,200100,19,Male
4485,Engineering,37,172300,14,Female
4486,Marketing,37,162600,14,Male
4487,Engineering,43,218100,20,Female
4488,Engineering,32,163800,12,Male
4489,Marketing,30,110700,8,Female
4490,Sales,33,115500,9,Male
4491,Engineering,35,147300,11,Female
4492,Sales,34,145100,13,Female
4493,Sales,22,35300,0,Male
4494,Marketing,35,132600,13,Female
4495,Marketing,36,141900,13,Female
4496,Sales,27,104100,7,Female
4497,Sales,35,183000,15,Male
4498,Engineering,35,163200,13,Female
4499,Engineering,22,56900,0,Male
4500,Sales,36,164000,15,Male
4501,Sales,38,177400,17,Female
4502,Sales,29,94300,6,Male
4503,Engineering,37,164200,14,Male
4504,Engineering,38,179800,16,Female
4505,Sales,39,197200,18,Female
4506,Engineering,34,141900,12,Male
4507,Marketing,29,101500,8,Female
4508,Engineering,34,160100,14,Female
4509,Sales,26,62200,2,Female
4510,HR,24,48500,0,Female
4511,Engineering,36,178500,15,Male
4512,Sales,29,98800,7,Female
4513,Engineering,35,160400,12,Female
4514,Sales,28,109800,7,Female
4515,Sales,37,173400,16,Male
4516,Sales,36,164900,13,Male
4517,Sales,41,209200,20,Male
4518,Marketing,40,203900,20,Female
4519,Engineering,29,91000,6,Male
4520,Engineering,34,150200,14,Male
4521,Marketing,39,160600,15,Female
4522,Sales,41,199000,18,Female
4523,Marketing,28,83300,5,Male
4524,Sales,22,54500,0,Female
4525,Marketing,33,123900,11,Male
4526,Sales,40,181800,17,Male
4527,Marketing,39,160200,15,Female
4528,HR,32,110000,11,Male
4529,Sales,41,214900,19,Female
4530,Engineering,36,163000,12,Male
4531,Engineering,31,120300,7,Male
4532,Engineering,22,67800,0,Female
4533,Engineering,41,210300,20,Female
4534,Engineering,28,111000,6,Female
4535,Sales,38,152300,14,Male
4536,Sales,32,142500,12,Male
4537,Sales,34,123600,12,Male
4538,Sales,32,107500,8,Female
4539,Engineering,36,151700,14,Female
4540,Engineering,27,66500,3,Female
4541,Engineering,33,150500,12,Female
4542,Sales,35,125900,11,Female
4543,Engineering,27,90400,4,Female
4544,Engineering,26,119700,6,Male
4545,Sales,31,94800,7,Male
4546,Marketing,26,69400,4,Male
4547,Engineering,30,125600,8,Male
4548,Sales,37,142300,13,Male
4549,Sales,34,125800,11,Male
4550,Marketing,27,59600,3,Male
4551,HR,40,200800,19,Male
4552,Engineering,30,93300,7,Male
4553,Engineering,40,174500,16,Male
4554,Marketing,27,111300,7,Male
4555,Sales,43,174000,20,Male
4556,Sales,24,43700,0,Male
4557,Sales,39,212300,19,Female
4558,Sales,25,72100,1,Male
4559,HR,24,72000,3,Female
4560,HR,42,211700,20,Female
4561,Marketing,24,30500,0,Male
4562,Engineering,29,94300,6,Male
4563,Marketing,24,57100,0,Male
4564,Engineering,32,116400,8,Male
4565,Engineering,26,52200,2,Female
4566,Marketing,35,132200,11,Female
4567,Engineering,41,197100,18,Female
4568,Engineering,37,167800,14,Female
4569,Engineering,39,151200,15,Male
4570,Marketing,31,85500,9,Male
4571,Sales,29,88000,5,Female
4572,Sales,39,170000,16,Female
4573,Engineering,41,210400,20,Male
4574,Marketing,40,171900,16,Female
4575,Marketing,44,192200,20,Male
4576,Engineering,42,196300,18,Male
4577,Sales,41,176500,17,Female
4578,Engineering,30,143900,10,Female
4579,HR,30,69200,6,Female
4580,Sales,32,110500,9,Male
4581,HR,29,98900,6,Male
4582,Engineering,24,78600,4,Male
4583,Marketing,35,129200,11,Female
4584,Marketing,37,176700,15,Male
4585,Sales,44,206600,20,Female
4586,HR,40,197400,17,Male
4587,Engineering,23,85000,2,Male
4588,Engineering,40,200500,19,Female
4589,Sales,36,144400,14,Female
4590,Marketing,28,66000,4,Male
4591,Sales,32,144800,12,Female
4592,Engineering,42,202500,18,Male
4593,Sales,33,139600,11,Female
4594,Engineering,42,205700,20,Female
4595,Sales,26,69200,4,Male
4596,Sales,26,90600,5,Male
4597,Marketing,30,107900,6,Male
4598,Engineering,33,116000,9,Male
4599,Sales,35,164300,15,Female
4600,Engineering,29,107400,7,Male
4601,Engineering,30,120500,8,Male
4602,Marketing,26,52000,3,Female
4603,HR,43,200900,20,Female
4604,Engineering,41,227200,20,Male
4605,Marketing,31,79800,7,Female
4606,Marketing,26,98000,6,Female
4607,Marketing,34,140100,14,Male
4608,Engineering,42,217600,20,Female
4609,HR,22,60900,2,Female
4610,Engineering,38,186800,16,Male
4611,Engineering,34,131700,10,Female
4612,Engineering,28,125600,8,Female
4613,Sales,26,64400,4,Female
4614,Engineering,33,136100,9,Female
4615,Engineering,38,162300,14,Female
4616,Engineering,35,162200,13,Female
4617,Marketing,25,60500,3,Female
4618,Marketing,41,215300,20,Male
4619,Engineering,43,211400,19,Male
4620,Marketing,23,54500,1,Male
4621,Marketing,35,135900,11,Male
4622,Marketing,22,37600,0,Male
4623,Engineering,42,209900,19,Male
4624,Sales,27,78700,4,Female
4625,HR,27,86400,5,Female
4626,Sales,32,120500,10,Female
4627,Engineering,31,103900,7,Female
4628,Sales,28,104800,6,Female
4629,Sales,27,76900,3,Female
4630,Sales,27,76600,5,Male
4631,Engineering,39,194000,15,Male
4632,Engineering,41,201300,19,Male
4633,Marketing,35,153200,14,Male
4634,Marketing,37,155700,13,Female
4635,Engineering,32,154600,11,Male
4636,HR,32,120900,11,Male
4637,Engineering,36,180200,15,Male
4638,Sales,35,153900,14,Male
4639,Marketing,32,140200,12,Female
4640,Marketing,33,118700,10,Female
4641,HR,36,164000,16,Male
4642,Engineering,42,205400,20,Female
4643,Marketing,36,163900,14,Female
4644,Engineering,36,151600,13,Female
4645,Marketing,32,126700,9,Male
4646,Marketing,34,125100,11,Male
4647,Sales,36,169800,15,Male
4648,Engineering,34,182400,14,Female
4649,Marketing,31,107700,9,Male
4650,Engineering,23,83700,3,Male
4651,Engineering,28,123900,8,Male
4652,Marketing,40,193300,20,Female
4653,Sales,42,199200,19,Female
4654,Marketing,31,111400,8,Male
4655,Engineering,42,232000,20,Female
4656,Engineering,41,202900,19,Male
4657,Marketing,32,123500,10,Male
4658,Sales,30,123700,10,Male
4659,Engineering,29,104900,6,Male
4660,Marketing,41,194100,20,Female
4661,Sales,29,115300,9,Female
4662,Sales,27,84200,3,Female
4663,Sales,24,78300,4,Male
4664,Marketing,27,72800,4,Male
4665,Marketing,34,111500,10,Male
4666,Marketing,28,114900,8,Female
4667,Engineering,38,183500,15,Male
4668,Marketing,31,105300,8,Male
4669,Sales,24,88000,3,Female
4670,Sales,22,47700,1,Female
4671,Engineering,36,148600,13,Male
4672,Marketing,24,55100,2,Male
4673,Marketing,40,167500,17,Male
4674,Engineering,41,217400,20,Female
4675,Sales,28,85700,5,Male
4676,Marketing,30,131500,10,Female
4677,Engineering,40,210400,20,Female
4678,HR,41,179300,17,Male
4679,Sales,31,134900,11,Male
4680,Sales,28,85300,4,Male
4681,Engineering,30,107700,8,Male
4682,Engineering,40,198000,19,Male
4683,HR,39,170200,17,Male
4684,Engineering,42,188200,18,Female
4685,Marketing,25,62100,2,Male
4686,Engineering,31,125200,8,Female
4687,Engineering,25,89900,3,Male
4688,Engineering,39,181500,16,Female
4689,Sales,40,168400,16,Female
4690,HR,22,38500,1,Female
4691,Engineering,28,132000,8,Male
4692,Engineering,32,116800,8,Female
4693,Engineering,28,79700,4,Female
4694,Sales,34,164500,14,Male
4695,Sales,34,153600,14,Female
4696,Marketing,23,45300,2,Female
4697,Sales,39,180300,18,Male
4698,Sales,23,61900,2,Male
4699,Engineering,28,84300,5,Female
4700,HR,27,63100,3,Male
4701,Engineering,32,142400,12,Male
4702,Engineering,36,141500,12,Male
4703,Sales,34,120100,10,Male
4704,Sales,25,78600,4,Male
4705,Sales,22,48200,0,Male
4706,Sales,32,118200,8,Male
4707,Marketing,37,160200,16,Female
4708,Engineering,23,68900,0,Male
4709,Marketing,22,83200,2,Male
4710,Sales,38,152800,14,Male
4711,Sales,40,187300,20,Male
4712,Sales,32,99600,9,Male
4713,Engineering,28,106000,7,Male
4714,Marketing,33,121100,11,Female
4715,Sales,37,157100,14,Male
4716,Engineering,30,124100,8,Male
4717,Sales,29,104100,9,Female
4718,HR,43,190300,19,Male
4719,Sales,29,103900,8,Female
4720,HR,37,172400,14,Female
4721,Engineering,41,201200,20,Male
4722,Engineering,42,207400,20,Female
4723,Engineering,22,55300,0,Female
4724,Sales,25,45500,1,Male
4725,Engineering,40,210300,18,Female
4726,Engineering,37,148800,13,Female
4727,HR,30,86800,7,Female
4728,Marketing,29,92200,5,Female
4729,Marketing,33,116100,11,Female
4730,Engineering,34,175300,14,Male
4731,Engineering,37,154500,13,Male
4732,Engineering,41,208800,20,Male
4733,Marketing,22,34900,0,Male
4734,HR,34,108800,10,Female
4735,Sales,23,70100,2,Male
4736,Engineering,38,200400,18,Female
4737,Sales,41,189900,17,Male
4738,Engineering,42,218800,19,Male
4739,Engineering,22,68400,1,Male
4740,Sales,29,78500,6,Male
4741,Marketing,29,86300,7,Female
4742,Engineering,42,207500,18,Male
4743,Engineering,38,167600,14,Male
4744,HR,30,118500,9,Male
4745,Engineering,24,54100,0,Male
4746,Engineering,27,90700,5,Male
4747,Engineering,36,157500,12,Male
4748,Engineering,33,141700,13,Male
4749,Engineering,25,67800,2,Male
4750,Marketing,32,120700,10,Male
4751,Engineering,24,73100,2,Female
4752,Sales,41,176100,18,Male
4753,Sales,32,104500,9,Male
4754,Sales,36,153100,14,Female
4755,Marketing,33,119400,10,Female
4756,Marketing,35,167600,14,Female
4757,Engineering,35,142200,12,Female
4758,Marketing,24,67100,4,Male
4759,Sales,23,84900,3,Male
4760,HR,33,146600,12,Male
4761,Sales,31,97900,8,Female
4762,HR,36,174800,16,Male
4763,Marketing,25,56300,1,Female
4764,Engineering,27,89000,4,Female
4765,Sales,36,153300,15,Male
4766,HR,29,82000,6,Male
4767,Marketing,22,33700,0,Male
4768,Engineering,33,148300,11,Male
4769,Marketing,40,195700,20,Male
4770,Engineering,32,132400,10,Male
4771,Engineering,32,137000,11,Female
4772,Sales,38,173400,18,Female
4773,Engineering,32,169000,11,Female
4774,Marketing,32,132000,11,Female
4775,Engineering,35,173700,13,Male
4776,Marketing,23,36800,1,Male
4777,Engineering,22,78200,1,Male
4778,Engineering,25,75000,3,Male
4779,Engineering,41,212300,19,Female
4780,Engineering,37,184900,15,Female
4781,Engineering,32,142100,9,Male
4782,Engineering,33,150500,12,Male
4783,Sales,25,43000,1,Male
4784,Engineering,23,70900,2,Male
4785,Sales,38,194900,18,Female
4786,Engineering,27,89600,5,Female
4787,Marketing,40,179800,18,Female
4788,HR,44,184500,20,Female
4789,Sales,39,187200,19,Male
4790,Engineering,41,203400,18,Female
4791,Engineering,28,119800,7,Female
4792,HR,36,155000,13,Male
4793,Engineering,29,149800,9,Male
4794,Engineering,26,85900,2,Female
4795,Engineering,25,93500,5,Male
4796,Engineering,38,157600,14,Male
4797,Engineering,40,188400,17,Male
4798,Marketing,36,138500,13,Female
4799,Engineering,38,200700,18,Male
4800,Sales,29,125900,9,Female
4801,Engineering,36,171800,14,Female
4802,Engineering,27,94800,3,Female
4803,HR,23,52000,1,Female
4804,Engineering,23,58200,2,Male
4805,Marketing,27,82300,6,Male
4806,Sales,35,169000,15,Male
4807,Engineering,32,129300,9,Male
4808,HR,39,197100,18,Female
4809,Engineering,37,183100,16,Female
4810,Marketing,40,182200,18,Male
4811,Engineering,26,71300,4,Male
4812,Marketing,40,183900,19,Male
4813,Engineering,32,154100,12,Male
4814,Sales,34,143100,12,Male
4815,Marketing,31,125900,10,Female
4816,HR,33,124500,10,Female
4817,HR,37,158900,15,Female
4818,Marketing,35,142000,14,Male
4819,Marketing,40,168000,16,Male
4820,Engineering,39,190600,17,Female
4821,Engineering,42,212700,18,Male
4822,Engineering,25,92300,3,Male
4823,Engineering,26,82200,4,Male
4824,Engineering,30,96800,6,Female
4825,Sales,22,39500,1,Female
4826,Engineering,22,53400,0,Female
4827,Sales,31,128300,11,Male
4828,Engineering,29,153100,9,Female
4829,Engineering,28,99800,7,Female
4830,Sales,23,45600,0,Male
4831,Marketing,31,121600,11,Female
4832,Marketing,22,48200,1,Female
4833,Sales,29,113700,9,Female
4834,Engineering,39,191100,16,Female
4835,Sales,24,65400,2,Male
4836,Engineering,30,110800,6,Male
4837,Engineering,35,135500,11,Male
4838,Sales,30,111800,7,Female
4839,Engineering,39,202200,19,Female
4840,Engineering,35,128900,11,Female
4841,HR,25,54200,2,Male
4842,HR,37,169100,16,Female
4843,Engineering,32,106500,8,Male
4844,Engineering,30,135700,9,Male
4845,Engineering,25,86900,5,Female
4846,Engineering,24,46500,0,Male
4847,HR,34,128000,11,Male
4848,Engineering,26,95600,4,Male
4849,Marketing,36,123800,12,Male
4850,Engineering,38,176400,14,Male
4851,HR,34,98400,10,Female
4852,Engineering,31,114300,7,Female
4853,Marketing,27,60700,4,Male
4854,Engineering,24,55000,1,Male
4855,Sales,33,150400,11,Male
4856,Engineering,24,53100,1,Female
4857,Engineering,38,174400,15,Male
4858,HR,40,189300,20,Male
4859,HR,22,63700,2,Male
4860,Marketing,30,116100,9,Male
4861,Sales,40,194500,18,Female
4862,Marketing,27,107300,7,Male
4863,Engineering,28,99600,6,Male
4864,Engineering,22,65700,0,Male
4865,Engineering,35,157900,11,Female
4866,Sales,26,79800,4,Female
4867,Engineering,39,163900,15,Male
4868,Engineering,24,67000,3,Male
4869,Sales,37,177400,16,Female
4870,Marketing,41,188900,20,Male
4871,Engineering,25,49600,1,Female
4872,Engineering,35,151800,11,Male
4873,Engineering,22,50400,0,Male
4874,Engineering,35,167200,11,Female
4875,Engineering,34,136400,11,Female
4876,Sales,34,128000,11,Female
4877,Sales,42,192600,18,Female
4878,Sales,40,175000,16,Male
4879,Engineering,39,206200,19,Female
4880,Marketing,30,118900,10,Female
4881,Engineering,34,183400,12,Male
4882,Sales,29,117600,7,Male
4883,Marketing,31,120400,9,Male
4884,Engineering,28,98700,7,Male
4885,Engineering,42,206300,19,Female
4886,Marketing,28,102600,7,Male
4887,Engineering,32,126500,8,Male
4888,Sales,26,105800,6,Female
4889,Engineering,37,152600,13,Male
4890,Sales,25,52600,1,Female
4891,Engineering,30,127400,10,Female
4892,Engineering,31,124300,7,Male
4893,Sales,34,148000,12,Male
4894,Engineering,40,209900,20,Male
4895,Engineering,38,169200,14,Female
4896,Engineering,24,71500,2,Male
4897,Engineering,35,150200,13,Male
4898,Engineering,37,176300,14,Male
4899,Engineering,23,63800,1,Female
4900,HR,39,178700,18,Male
4901,Engineering,31,134000,11,Female
4902,Sales,39,205500,19,Female
4903,Engineering,23,81700,3,Female
4904,Engineering,26,64100,2,Female
4905,HR,28,67000,4,Male
4906,Engineering,23,71100,2,Male
4907,HR,36,152600,14,Female
4908,Engineering,42,200900,18,Male
4909,Marketing,23,30300,1,Female
4910,Sales,33,134200,11,Female
4911,Marketing,28,59800,4,Female
4912,Sales,40,187200,16,Female
4913,Sales,34,159400,13,Female
4914,Engineering,32,138600,9,Male
4915,Engineering,22,46400,2,Male
4916,HR,27,61000,3,Male
4917,Engineering,29,94200,5,Male
4918,Engineering,37,180700,15,Male
4919,Marketing,29,97000,6,Female
4920,Engineering,38,179800,14,Female
4921,HR,43,176800,20,Female
4922,Marketing,39,184000,19,Male
4923,Sales,32,125600,10,Male
4924,Marketing,41,208300,20,Female
4925,Engineering,22,63000,0,Female
4926,Engineering,27,91700,4,Female
4927,Sales,35,134600,12,Female
4928,Engineering,40,209900,20,Female
4929,Marketing,36,137700,13,Female
4930,HR,29,94200,8,Male
4931,Sales,37,163000,16,Male
4932,Engineering,37,156100,14,Female
4933,HR,43,203400,20,Male
4934,Sales,27,94200,6,Female
4935,Sales,34,123700,11,Male
4936,Engineering,29,77900,5,Male
4937,HR,42,196300,20,Male
4938,Sales,39,179800,15,Male
4939,Marketing,27,72100,4,Female
4940,Marketing,31,112000,8,Male
4941,Engineering,35,160800,13,Female
4942,Sales,30,100400,7,Male
4943,Marketing,35,129300,13,Male
4944,Engineering,32,138900,11,Male
4945,Marketing,31,106700,9,Female
4946,HR,41,206800,19,Male
4947,Sales,43,198800,19,Female
4948,Marketing,43,212800,20,Male
4949,Marketing,33,147300,12,Male
4950,Marketing,38,175500,18,Female
4951,Engineering,36,167000,14,Male
4952,Engineering,27,127800,7,Male
4953,Sales,43,210600,20,Male
4954,Sales,31,122000,9,Male
4955,Sales,22,70100,2,Male
4956,Marketing,44,204800,20,Female
4957,Engineering,22,76500,2,Male
4958,Sales,28,80000,4,Female
4959,Engineering,36,171600,15,Male
4960,Marketing,39,157400,16,Male
4961,Sales,25,66400,5,Male
4962,Engineering,41,203700,19,Male
4963,Engineering,42,211400,19,Male
4964,Marketing,35,162400,15,Male
4965,Sales,23,59400,1,Female
4966,Engineering,41,205700,19,Female
4967,HR,36,179200,14,Female
4968,Marketing,39,196300,17,Male
4969,HR,22,30000,0,Female
4970,Sales,39,195600,18,Male
4971,Sales,35,142700,11,Female
4972,Marketing,31,74800,7,Male
4973,Sales,29,86700,5,Male
4974,Marketing,32,133200,11,Female
4975,Engineering,28,102900,6,Male
4976,Sales,39,184900,17,Female
4977,Engineering,36,159800,13,Male
4978,Engineering,31,118000,7,Male
4979,Engineering,43,222500,19,Female
4980,Engineering,35,166700,13,Female
4981,HR,28,83800,4,Female
4982,Engineering,30,108400,8,Male
4983,Sales,29,121300,7,Male
4984,Marketing,23,51100,1,Male
4985,Sales,35,161100,15,Male
4986,Engineering,32,155200,12,Female
4987,Marketing,26,82600,6,Male
4988,Sales,35,166400,15,Female
4989,Marketing,27,91000,6,Female
4990,Marketing,36,137100,13,Male
4991,HR,36,145600,13,Female
4992,Sales,33,126000,11,Female
4993,Engineering,24,47900,0,Male
4994,Sales,22,34900,0,Male
4995,Engineering,34,139300,11,Male
4996,Marketing,42,186500,19,Female
4997,Engineering,40,219700,20,Male
4998,Engineering,35,178000,14,Female
4999,Marketing,24,70600,3,Male
5000,Sales,29,102700,6,Female
